Region,Sector,A_value
Argentina,AFOLU,0.48023349005306754
Argentina,Cement,2.252731337789692
Argentina,Chemicals,0.3472421812262176
Argentina,Electricity,0.8946946589934613
Argentina,Industry,0.4898730906271967
Argentina,Other,0.510533358899435
Argentina,Other Energy Supply,0.27526984477719413
Argentina,Other Industry,2.155663627571709
Argentina,Steel,1.2527041514490957
Argentina,Supply,0.3683529618122205
Argentina,Transportation,3.122015401941652
Australia_NZ,AFOLU,1.0648387644363382
Australia_NZ,Cement,1.4735366839689445
Australia_NZ,Chemicals,0.23367238396796194
Australia_NZ,Electricity,1.7043684237110148
Australia_NZ,Industry,0.4070445086239764
Australia_NZ,Other,1.2887429111736841
Australia_NZ,Other Energy Supply,1.3023761220532732
Australia_NZ,Other Industry,0.3660638583591574
Australia_NZ,Steel,1.5989863650276623
Australia_NZ,Supply,1.2959984063217167
Australia_NZ,Transportation,2.60184472996402
Brazil,AFOLU,1.0264219631186005
Brazil,Cement,1.9289523816837113
Brazil,Chemicals,0.4197529270754601
Brazil,Electricity,0.7714105683497569
Brazil,Industry,0.4947770538714195
Brazil,Other,0.3748902922593558
Brazil,Other Energy Supply,0.05600099914317816
Brazil,Other Industry,0.322069209202962
Brazil,Steel,1.2749501715047413
Brazil,Supply,0.8540161769683196
Brazil,Transportation,4.372736678498376
Canada,AFOLU,0.8752024773834671
Canada,Cement,1.3358220107055445
Canada,Chemicals,0.4631121589092227
Canada,Electricity,0.026703042727022234
Canada,Industry,0.41284377600037664
Canada,Other,0.9503221637390922
Canada,Other Energy Supply,0.6832795301847088
Canada,Other Industry,1.314429661976022
Canada,Steel,2.7560456842742775
Canada,Supply,0.5996289660907959
Canada,Transportation,1.1536030177215928
China,AFOLU,0.08985748780600081
China,Cement,1.9357107604586608
China,Chemicals,0.37813699990802124
China,Electricity,1.722034663606311
China,Industry,1.0267256011247852
China,Other,0.4721057612503163
China,Other Energy Supply,0.7274118400809783
China,Other Industry,1.9323261787825718
China,Steel,2.013280058143464
China,Supply,0.946971455397391
China,Transportation,1.375934954808751
EU-15,AFOLU,0.21740237666026813
EU-15,Cement,1.851157177143955
EU-15,Chemicals,0.42477470685929825
EU-15,Electricity,0.4716584030127598
EU-15,Industry,0.4271055269371331
EU-15,Other,0.7224092350861863
EU-15,Other Energy Supply,0.527215630522181
EU-15,Other Industry,1.1105995898360652
EU-15,Steel,1.7860257517225728
EU-15,Supply,0.2850147539055877
EU-15,Transportation,1.4388537981331933
Europe_Non_EU,AFOLU,0.24162412306739245
Europe_Non_EU,Cement,1.9245197349082324
Europe_Non_EU,Chemicals,0.5842961384170051
Europe_Non_EU,Electricity,2.2489808224880177
Europe_Non_EU,Industry,2.632754903089654
Europe_Non_EU,Other,1.0806412016344868
Europe_Non_EU,Other Energy Supply,0.7314581263250429
Europe_Non_EU,Other Industry,2.280689984628379
Europe_Non_EU,Steel,1.9624996538123691
Europe_Non_EU,Supply,1.2490864816479408
Europe_Non_EU,Transportation,1.1860834205275343
India,AFOLU,0.1997130966890509
India,Cement,1.9848934342491145
India,Chemicals,1.281093393314167
India,Electricity,2.4313346933520656
India,Industry,2.6391183369148394
India,Other,0.4673023392459157
India,Other Energy Supply,0.7582287887229474
India,Other Industry,1.214449956749208
India,Steel,2.019174541525705
India,Supply,1.3752483203913135
India,Transportation,1.7345933896369579
Japan,AFOLU,-0.6823022000443829
Japan,Cement,1.2971226524003014
Japan,Chemicals,0.2696399567156198
Japan,Electricity,0.5903184706274875
Japan,Industry,0.3564545037602178
Japan,Other,0.4638038491994128
Japan,Other Energy Supply,0.33636313319049355
Japan,Other Industry,1.8153981716442584
Japan,Steel,1.8167291764818354
Japan,Supply,0.6101916122820368
Japan,Transportation,0.9644529221578082
Mexico,AFOLU,0.37286859756418467
Mexico,Cement,1.9114521689508355
Mexico,Chemicals,0.5348521255027159
Mexico,Electricity,1.426573929485833
Mexico,Industry,2.187801037615335
Mexico,Other,1.0122728450044434
Mexico,Other Energy Supply,0.6357215098242727
Mexico,Other Industry,2.0189181325763816
Mexico,Steel,1.6215953214258143
Mexico,Supply,1.0148739813804506
Mexico,Transportation,1.7708721055767422
Russia,AFOLU,1.9334579705182948
Russia,Cement,1.6201729799752118
Russia,Chemicals,0.4760936147751725
Russia,Electricity,2.068776680727384
Russia,Industry,1.0687413273796662
Russia,Other,0.9648688253032347
Russia,Other Energy Supply,0.9205981281197481
Russia,Other Industry,1.5755399220799073
Russia,Steel,2.5865981820996375
Russia,Supply,1.05301544878708
Russia,Transportation,1.792554678540137
South Africa,AFOLU,0.5122359151044469
South Africa,Cement,1.879140001072054
South Africa,Chemicals,0.23030342129905298
South Africa,Electricity,2.6204898607278477
South Africa,Industry,0.3719648434715235
South Africa,Other,0.48452083368021553
South Africa,Other Energy Supply,0.4585463457710883
South Africa,Other Industry,0.39235876344756976
South Africa,Steel,2.155743812605049
South Africa,Supply,1.2752642238136729
South Africa,Transportation,2.8299767313185313
South Korea,AFOLU,-0.6589729707205644
South Korea,Cement,1.8046137416377215
South Korea,Chemicals,0.364627072984196
South Korea,Electricity,1.883530890787414
South Korea,Industry,0.7414316342287989
South Korea,Other,0.36661652187144617
South Korea,Other Energy Supply,0.1996286117869877
South Korea,Other Industry,1.649281901106897
South Korea,Steel,2.4700127847426963
South Korea,Supply,1.0753304803141561
South Korea,Transportation,0.7718742917053588
Taiwan,AFOLU,0.19317336679299188
Taiwan,Cement,1.7719702873070413
Taiwan,Chemicals,0.03849813919991364
Taiwan,Electricity,2.7331414217610965
Taiwan,Industry,0.561670959481915
Taiwan,Other,0.5565451809763465
Taiwan,Other Energy Supply,0.7772028222862367
Taiwan,Other Industry,1.2382038938740627
Taiwan,Steel,2.7414297849925524
Taiwan,Supply,1.6660785486563436
Taiwan,Transportation,1.3670505308356773
USA,AFOLU,1.0848349650848117
USA,Cement,0.9803995926679108
USA,Chemicals,0.4534644272200965
USA,Electricity,0.7345139908926483
USA,Industry,0.29815783304500826
USA,Other,0.11014857298250431
USA,Other Energy Supply,0.6892869315399498
USA,Other Industry,2.0302288732044196
USA,Steel,1.0612433906474366
USA,Supply,0.5974631767996843
USA,Transportation,1.616180885455232
