Region,Sector,n_years_total,n_years_used,coverage_share
Argentina,AFOLU,17,17,1.0
Argentina,Cement,17,17,1.0
Argentina,Chemicals,17,4,0.23529411764705882
Argentina,Electricity,17,5,0.29411764705882354
Argentina,Industry,17,6,0.35294117647058826
Argentina,Other,17,17,1.0
Argentina,Other Energy Supply,17,4,0.23529411764705882
Argentina,Other Industry,17,17,1.0
Argentina,Steel,17,6,0.35294117647058826
Argentina,Supply,17,4,0.23529411764705882
Argentina,Transportation,17,17,1.0
Australia_NZ,AFOLU,17,5,0.29411764705882354
Australia_NZ,Cement,17,17,1.0
Australia_NZ,Chemicals,17,4,0.23529411764705882
Australia_NZ,Electricity,17,5,0.29411764705882354
Australia_NZ,Industry,17,6,0.35294117647058826
Australia_NZ,Other,17,17,1.0
Australia_NZ,Other Energy Supply,17,4,0.23529411764705882
Australia_NZ,Other Industry,17,6,0.35294117647058826
Australia_NZ,Steel,17,17,1.0
Australia_NZ,Supply,17,4,0.23529411764705882
Australia_NZ,Transportation,17,17,1.0
Brazil,AFOLU,17,6,0.35294117647058826
Brazil,Cement,17,17,1.0
Brazil,Chemicals,17,4,0.23529411764705882
Brazil,Electricity,17,4,0.23529411764705882
Brazil,Industry,17,5,0.29411764705882354
Brazil,Other,17,17,1.0
Brazil,Other Energy Supply,17,3,0.17647058823529413
Brazil,Other Industry,17,5,0.29411764705882354
Brazil,Steel,17,6,0.35294117647058826
Brazil,Supply,17,4,0.23529411764705882
Brazil,Transportation,17,17,1.0
Canada,AFOLU,17,3,0.17647058823529413
Canada,Cement,17,17,1.0
Canada,Chemicals,17,5,0.29411764705882354
Canada,Electricity,17,2,0.11764705882352941
Canada,Industry,17,6,0.35294117647058826
Canada,Other,17,17,1.0
Canada,Other Energy Supply,17,5,0.29411764705882354
Canada,Other Industry,17,9,0.5294117647058824
Canada,Steel,17,17,1.0
Canada,Supply,17,3,0.17647058823529413
Canada,Transportation,17,17,1.0
China,AFOLU,17,17,1.0
China,Cement,17,17,1.0
China,Chemicals,17,6,0.35294117647058826
China,Electricity,17,8,0.47058823529411764
China,Industry,17,8,0.47058823529411764
China,Other,17,17,1.0
China,Other Energy Supply,17,6,0.35294117647058826
China,Other Industry,17,17,1.0
China,Steel,17,17,1.0
China,Supply,17,6,0.35294117647058826
China,Transportation,17,17,1.0
EU-15,AFOLU,17,17,1.0
EU-15,Cement,17,17,1.0
EU-15,Chemicals,17,5,0.29411764705882354
EU-15,Electricity,17,3,0.17647058823529413
EU-15,Industry,17,6,0.35294117647058826
EU-15,Other,17,17,1.0
EU-15,Other Energy Supply,17,4,0.23529411764705882
EU-15,Other Industry,17,8,0.47058823529411764
EU-15,Steel,17,17,1.0
EU-15,Supply,17,3,0.17647058823529413
EU-15,Transportation,17,17,1.0
Europe_Non_EU,AFOLU,17,17,1.0
Europe_Non_EU,Cement,17,17,1.0
Europe_Non_EU,Chemicals,17,7,0.4117647058823529
Europe_Non_EU,Electricity,17,11,0.6470588235294118
Europe_Non_EU,Industry,17,15,0.8823529411764706
Europe_Non_EU,Other,17,17,1.0
Europe_Non_EU,Other Energy Supply,17,6,0.35294117647058826
Europe_Non_EU,Other Industry,17,13,0.7647058823529411
Europe_Non_EU,Steel,17,17,1.0
Europe_Non_EU,Supply,17,7,0.4117647058823529
Europe_Non_EU,Transportation,17,17,1.0
India,AFOLU,17,17,1.0
India,Cement,17,17,1.0
India,Chemicals,17,10,0.5882352941176471
India,Electricity,17,16,0.9411764705882353
India,Industry,17,17,1.0
India,Other,17,17,1.0
India,Other Energy Supply,17,7,0.4117647058823529
India,Other Industry,17,9,0.5294117647058824
India,Steel,17,17,1.0
India,Supply,17,8,0.47058823529411764
India,Transportation,17,17,1.0
Japan,AFOLU,17,16,0.9411764705882353
Japan,Cement,17,17,1.0
Japan,Chemicals,17,6,0.35294117647058826
Japan,Electricity,17,5,0.29411764705882354
Japan,Industry,17,6,0.35294117647058826
Japan,Other,17,17,1.0
Japan,Other Energy Supply,17,4,0.23529411764705882
Japan,Other Industry,17,17,1.0
Japan,Steel,17,17,1.0
Japan,Supply,17,5,0.29411764705882354
Japan,Transportation,17,17,1.0
Mexico,AFOLU,17,17,1.0
Mexico,Cement,17,17,1.0
Mexico,Chemicals,17,7,0.4117647058823529
Mexico,Electricity,17,7,0.4117647058823529
Mexico,Industry,17,17,1.0
Mexico,Other,17,17,1.0
Mexico,Other Energy Supply,17,7,0.4117647058823529
Mexico,Other Industry,17,17,1.0
Mexico,Steel,17,17,1.0
Mexico,Supply,17,7,0.4117647058823529
Mexico,Transportation,17,17,1.0
Russia,AFOLU,17,11,0.6470588235294118
Russia,Cement,17,17,1.0
Russia,Chemicals,17,7,0.4117647058823529
Russia,Electricity,17,8,0.47058823529411764
Russia,Industry,17,8,0.47058823529411764
Russia,Other,17,17,1.0
Russia,Other Energy Supply,17,7,0.4117647058823529
Russia,Other Industry,17,12,0.7058823529411765
Russia,Steel,17,17,1.0
Russia,Supply,17,7,0.4117647058823529
Russia,Transportation,17,17,1.0
South Africa,AFOLU,17,17,1.0
South Africa,Cement,17,17,1.0
South Africa,Chemicals,17,6,0.35294117647058826
South Africa,Electricity,17,13,0.7647058823529411
South Africa,Industry,17,6,0.35294117647058826
South Africa,Other,17,17,1.0
South Africa,Other Energy Supply,17,5,0.29411764705882354
South Africa,Other Industry,17,6,0.35294117647058826
South Africa,Steel,17,17,1.0
South Africa,Supply,17,6,0.35294117647058826
South Africa,Transportation,17,17,1.0
South Korea,AFOLU,17,12,0.7058823529411765
South Korea,Cement,17,17,1.0
South Korea,Chemicals,17,4,0.23529411764705882
South Korea,Electricity,17,12,0.7058823529411765
South Korea,Industry,17,6,0.35294117647058826
South Korea,Other,17,17,1.0
South Korea,Other Energy Supply,17,5,0.29411764705882354
South Korea,Other Industry,17,17,1.0
South Korea,Steel,17,17,1.0
South Korea,Supply,17,6,0.35294117647058826
South Korea,Transportation,17,17,1.0
Taiwan,AFOLU,17,12,0.7058823529411765
Taiwan,Cement,17,17,1.0
Taiwan,Chemicals,17,5,0.29411764705882354
Taiwan,Electricity,17,14,0.8235294117647058
Taiwan,Industry,17,6,0.35294117647058826
Taiwan,Other,17,17,1.0
Taiwan,Other Energy Supply,17,7,0.4117647058823529
Taiwan,Other Industry,17,8,0.47058823529411764
Taiwan,Steel,17,17,1.0
Taiwan,Supply,17,9,0.5294117647058824
Taiwan,Transportation,17,17,1.0
USA,AFOLU,17,17,1.0
USA,Cement,17,17,1.0
USA,Chemicals,17,6,0.35294117647058826
USA,Electricity,17,4,0.23529411764705882
USA,Industry,17,6,0.35294117647058826
USA,Other,17,17,1.0
USA,Other Energy Supply,17,5,0.29411764705882354
USA,Other Industry,17,14,0.8235294117647058
USA,Steel,17,17,1.0
USA,Supply,17,4,0.23529411764705882
USA,Transportation,17,17,1.0
