Region,Sector,AR
Argentina,AFOLU,0.37127412060707976
Argentina,Cement,0.8000459773711079
Argentina,Chemicals,2.70535567664945
Argentina,Electricity,1.0091349584234306
Argentina,Industry,0.8828224239783253
Argentina,Other,0.3745446271498389
Argentina,Other Energy Supply,1.4855884191585351
Argentina,Other Industry,0.7504395699141315
Argentina,Steel,0.7621230687202039
Argentina,Supply,1.224680013348082
Argentina,Transportation,0.7541409429833323
Australia_NZ,AFOLU,1.0381640133242924
Australia_NZ,Cement,0.6797227477592541
Australia_NZ,Chemicals,1.814423495640951
Australia_NZ,Electricity,0.8844870298951163
Australia_NZ,Industry,0.8237640938842642
Australia_NZ,Other,0.6423590758578394
Australia_NZ,Other Energy Supply,2.0544879138272623
Australia_NZ,Other Industry,0.8104738283777336
Australia_NZ,Steel,0.5153956195326599
Australia_NZ,Supply,1.2330734864625845
Australia_NZ,Transportation,0.6652025732075764
Brazil,AFOLU,0.8429166768193453
Brazil,Cement,0.7623544085388672
Brazil,Chemicals,9.733160858028732
Brazil,Electricity,1.2709064596794721
Brazil,Industry,1.060112480958815
Brazil,Other,0.2905264686095459
Brazil,Other Energy Supply,1.9231776094693873
Brazil,Other Industry,0.9854582089180463
Brazil,Steel,0.7922884712721989
Brazil,Supply,1.477544720060054
Brazil,Transportation,0.7511691998016247
Canada,AFOLU,3.0070694811078855
Canada,Cement,0.6531787814938959
Canada,Chemicals,1.7711480527222878
Canada,Electricity,1.4850690970041658
Canada,Industry,0.7685098055482937
Canada,Other,0.5737866467844319
Canada,Other Energy Supply,1.1313482922340548
Canada,Other Industry,0.7078679498916057
Canada,Steel,0.6071142421302996
Canada,Supply,1.2798973795496797
Canada,Transportation,0.5401046075432048
China,AFOLU,0.12552310936448896
China,Cement,0.6417997369466765
China,Chemicals,0.96552202335213
China,Electricity,0.7538481513095786
China,Industry,0.6947822790435152
China,Other,0.3196969891019015
China,Other Energy Supply,1.1929884388399945
China,Other Industry,0.7169429376062235
China,Steel,0.5455606119754312
China,Supply,0.8847848836849602
China,Transportation,0.6098381762630735
EU-15,AFOLU,0.22662653160153876
EU-15,Cement,0.6866152221838573
EU-15,Chemicals,1.9392572473139853
EU-15,Electricity,1.1430057845130321
EU-15,Industry,0.8084675357968051
EU-15,Other,0.4604842763433885
EU-15,Other Energy Supply,1.935507992748851
EU-15,Other Industry,0.7531984620786796
EU-15,Steel,0.5649048459144937
EU-15,Supply,1.3876595612811202
EU-15,Transportation,0.56385942336319
Europe_Non_EU,AFOLU,0.24740522642950635
Europe_Non_EU,Cement,0.6991378207320049
Europe_Non_EU,Chemicals,0.7728579844924077
Europe_Non_EU,Electricity,0.8484230151408405
Europe_Non_EU,Industry,0.7572164864033071
Europe_Non_EU,Other,0.5908867007612084
Europe_Non_EU,Other Energy Supply,1.1577217994520763
Europe_Non_EU,Other Industry,0.8022838316765245
Europe_Non_EU,Steel,0.6549078641297668
Europe_Non_EU,Supply,0.9010481037615781
Europe_Non_EU,Transportation,0.5672880287832461
India,AFOLU,0.18307649524922803
India,Cement,0.7847937638675293
India,Chemicals,0.7537892458776977
India,Electricity,0.8372385485198957
India,Industry,0.8282439865139479
India,Other,0.35015763245287496
India,Other Energy Supply,1.060738369396108
India,Other Industry,0.865116720190092
India,Steel,0.7869502754299179
India,Supply,0.8761823163464566
India,Transportation,0.7504066919455521
Japan,AFOLU,0.0
Japan,Cement,0.6205140052767113
Japan,Chemicals,0.9549710784813253
Japan,Electricity,0.7656769589015961
Japan,Industry,0.6208053211523638
Japan,Other,0.31269243741073294
Japan,Other Energy Supply,2.1252000620940685
Japan,Other Industry,0.6031706099050486
Japan,Steel,0.4560560659888998
Japan,Supply,0.8833314248185188
Japan,Transportation,0.4052552161472506
Mexico,AFOLU,0.30329446526579934
Mexico,Cement,0.767970406071309
Mexico,Chemicals,0.9035068222175867
Mexico,Electricity,0.9646725088302566
Mexico,Industry,0.7398646319339068
Mexico,Other,0.5830611471008939
Mexico,Other Energy Supply,0.8117007764609613
Mexico,Other Industry,0.728645808472898
Mexico,Steel,0.7070388041191628
Mexico,Supply,0.9153793122106183
Mexico,Transportation,0.6911601602912969
Russia,AFOLU,1.1587301539679384
Russia,Cement,0.7136803512880593
Russia,Chemicals,0.8925519255702303
Russia,Electricity,0.9647698089112521
Russia,Industry,0.7100849085669722
Russia,Other,0.5323461385269369
Russia,Other Energy Supply,0.8883234314739525
Russia,Other Industry,0.6414648105409436
Russia,Steel,0.5681630916501633
Russia,Supply,0.9095463399739208
Russia,Transportation,0.6587957082474052
South Africa,AFOLU,0.37888079290020454
South Africa,Cement,0.7300083895400457
South Africa,Chemicals,0.9581432072560322
South Africa,Electricity,0.7648997862138174
South Africa,Industry,0.800042074815555
South Africa,Other,0.3496204325166567
South Africa,Other Energy Supply,1.213106318652389
South Africa,Other Industry,0.8043937966749316
South Africa,Steel,0.6550143590478626
South Africa,Supply,0.8672171265332929
South Africa,Transportation,0.7346492999472064
South Korea,AFOLU,0.0
South Korea,Cement,0.6717393970603106
South Korea,Chemicals,13.256516169090133
South Korea,Electricity,0.6853060668643104
South Korea,Industry,0.7763675605813498
South Korea,Other,0.26164611710745705
South Korea,Other Energy Supply,1.6089673013950256
South Korea,Other Industry,0.6705803090350002
South Korea,Steel,0.6174335664799239
South Korea,Supply,0.8367841000236601
South Korea,Transportation,0.4259284356270916
Taiwan,AFOLU,1.6460164085400981
Taiwan,Cement,0.6515567077261344
Taiwan,Chemicals,
Taiwan,Electricity,0.7245430052094922
Taiwan,Industry,0.7269631487906272
Taiwan,Other,0.3561704888642399
Taiwan,Other Energy Supply,0.9653550434965604
Taiwan,Other Industry,0.6573859926935227
Taiwan,Steel,0.5667092232588845
Taiwan,Supply,0.749393949646855
Taiwan,Transportation,0.49661748858937393
USA,AFOLU,0.6620712123870075
USA,Cement,0.5435072955347432
USA,Chemicals,1.320381127525148
USA,Electricity,1.0180798323504845
USA,Industry,0.7144097057923741
USA,Other,0.10069426895642945
USA,Other Energy Supply,1.521517692666392
USA,Other Industry,0.6635145173479786
USA,Steel,0.3285866299477798
USA,Supply,1.1381895342095654
USA,Transportation,0.5480509986056773
