Region,Sector,AR
Argentina,AFOLU,0.07337568478743701
Argentina,Cement,0.10843777413484267
Argentina,Chemicals,0.10715966583687461
Argentina,Electricity,0.15736014371696477
Argentina,Industry,0.051277822464731074
Argentina,Other,0.0836779378885251
Argentina,Other Energy Supply,0.08588634953514777
Argentina,Other Industry,0.03948953256265225
Argentina,Steel,0.043330493965260515
Argentina,Supply,0.12888955741484637
Argentina,Transportation,0.0352839877504335
Australia_NZ,AFOLU,0.25861160860166643
Australia_NZ,Cement,0.058569525228944534
Australia_NZ,Chemicals,0.05593893331339767
Australia_NZ,Electricity,0.22698261980087828
Australia_NZ,Industry,0.03152869258119203
Australia_NZ,Other,0.17321543893971164
Australia_NZ,Other Energy Supply,0.05993279507989158
Australia_NZ,Other Industry,0.02769090448318187
Australia_NZ,Steel,0.03461101092726164
Australia_NZ,Supply,0.19563750784324585
Australia_NZ,Transportation,0.015367018056859234
Brazil,AFOLU,0.15669140566807263
Brazil,Cement,0.09794988858532593
Brazil,Chemicals,0.07331464296172312
Brazil,Electricity,0.2799782975287832
Brazil,Industry,0.08075575585126489
Brazil,Other,0.10016514482473243
Brazil,Other Energy Supply,0.053367504072828045
Brazil,Other Industry,0.04450530063688923
Brazil,Steel,0.14639938967643412
Brazil,Supply,0.19373238039482651
Brazil,Transportation,0.037594817286452746
Canada,AFOLU,0.40721050667093095
Canada,Cement,0.08583158215860279
Canada,Chemicals,0.08534934153116001
Canada,Electricity,0.46729842978021857
Canada,Industry,0.05329374602026007
Canada,Other,0.18865287078341964
Canada,Other Energy Supply,0.12414211825306778
Canada,Other Industry,0.042425186107268774
Canada,Steel,0.12811336858506658
Canada,Supply,0.282066591875136
Canada,Transportation,0.0236207194212955
China,AFOLU,0.0
China,Cement,0.10916823187416669
China,Chemicals,0.031138675139219238
China,Electricity,0.12448688551223888
China,Industry,0.08748709282857611
China,Other,0.05255660792080764
China,Other Energy Supply,0.17452411196814127
China,Other Industry,0.09856102776859009
China,Steel,0.08476537157399557
China,Supply,0.13382021278647457
China,Transportation,0.024452331930023812
EU-15,AFOLU,0.007692861680671337
EU-15,Cement,0.04974512034028211
EU-15,Chemicals,0.04806446124976247
EU-15,Electricity,0.20300375902274145
EU-15,Industry,0.04598587246029735
EU-15,Other,0.09476435427061951
EU-15,Other Energy Supply,0.03021275311560663
EU-15,Other Industry,0.039126994565318436
EU-15,Steel,0.05769636616200402
EU-15,Supply,0.16100202323247065
EU-15,Transportation,0.017206085559156054
Europe_Non_EU,AFOLU,0.0017433197087339451
Europe_Non_EU,Cement,0.06910422450870321
Europe_Non_EU,Chemicals,0.015158577449122764
Europe_Non_EU,Electricity,0.2205922793930226
Europe_Non_EU,Industry,0.05699061111981925
Europe_Non_EU,Other,0.15520294810780477
Europe_Non_EU,Other Energy Supply,0.07281970147676961
Europe_Non_EU,Other Industry,0.05001022475635598
Europe_Non_EU,Steel,0.06954323737271807
Europe_Non_EU,Supply,0.19925257437722185
Europe_Non_EU,Transportation,0.023220263392491853
India,AFOLU,0.014297192316449929
India,Cement,0.11062910476400369
India,Chemicals,0.03448336361500179
India,Electricity,0.19766735363803103
India,Industry,0.10123336602518397
India,Other,0.050849690281660226
India,Other Energy Supply,0.11648336040526434
India,Other Industry,0.07881918729558944
India,Steel,0.14276615818121713
India,Supply,0.19027718991953843
India,Transportation,0.0515925865581065
Japan,AFOLU,0.0
Japan,Cement,0.06060557018373559
Japan,Chemicals,0.007280790493415188
Japan,Electricity,0.144741501619966
Japan,Industry,0.03399158374608293
Japan,Other,0.07558183987951925
Japan,Other Energy Supply,0.10268033808119759
Japan,Other Industry,0.021214348085077005
Japan,Steel,0.04852415934959914
Japan,Supply,0.14342097611021584
Japan,Transportation,0.007460717325036804
Mexico,AFOLU,0.08023614551672922
Mexico,Cement,0.08120120336999584
Mexico,Chemicals,0.014423632169256831
Mexico,Electricity,0.15064856130880366
Mexico,Industry,0.11944941578058703
Mexico,Other,0.1618020300554746
Mexico,Other Energy Supply,0.0523597530722078
Mexico,Other Industry,0.1378426749813581
Mexico,Steel,0.06435721207881817
Mexico,Supply,0.10959247644254692
Mexico,Transportation,0.035474446304482724
Russia,AFOLU,
Russia,Cement,0.0844129325989654
Russia,Chemicals,0.06218615813536138
Russia,Electricity,0.21380939883314143
Russia,Industry,0.05382883207291038
Russia,Other,0.15052487997405845
Russia,Other Energy Supply,0.10750357234424858
Russia,Other Industry,0.03335442736543282
Russia,Steel,0.06958797684150282
Russia,Supply,0.14510763330443766
Russia,Transportation,0.03195065005934118
South Africa,AFOLU,0.040247239062983615
South Africa,Cement,0.031676594832515455
South Africa,Chemicals,0.009994480800094425
South Africa,Electricity,0.1412653783747314
South Africa,Industry,0.019711696619022646
South Africa,Other,0.03458333721390258
South Africa,Other Energy Supply,0.059393597862198146
South Africa,Other Industry,0.014019398545358382
South Africa,Steel,0.051597506915362655
South Africa,Supply,0.12260774504141879
South Africa,Transportation,0.011880425558249528
South Korea,AFOLU,
South Korea,Cement,0.13641456962082626
South Korea,Chemicals,0.15337409217533648
South Korea,Electricity,0.18928780281456942
South Korea,Industry,0.10430397776998514
South Korea,Other,0.04310487800256789
South Korea,Other Energy Supply,0.04245722225229381
South Korea,Other Industry,0.07511769473987708
South Korea,Steel,0.11619524067295595
South Korea,Supply,0.17343126125544078
South Korea,Transportation,0.029825392116508472
Taiwan,AFOLU,
Taiwan,Cement,0.09544947281845276
Taiwan,Chemicals,0.014432773740752997
Taiwan,Electricity,0.1491012135240387
Taiwan,Industry,0.042881848208611816
Taiwan,Other,0.06509470858404258
Taiwan,Other Energy Supply,0.05577824579587995
Taiwan,Other Industry,0.026186717636602228
Taiwan,Steel,0.0636341286278961
Taiwan,Supply,0.14537541825198774
Taiwan,Transportation,0.04031170392449171
USA,AFOLU,0.19647184305379364
USA,Cement,0.0477066780183062
USA,Chemicals,0.035139564252629756
USA,Electricity,0.16315899808767612
USA,Industry,0.023074908122833967
USA,Other,0.009343195385523508
USA,Other Energy Supply,0.05008798207140157
USA,Other Industry,0.020496185797644503
USA,Steel,0.0
USA,Supply,0.14011720280271747
USA,Transportation,0.019883725592918743
