Region,Sector,AR
Argentina,AFOLU,0.24852867795661523
Argentina,Cement,0.5001269456144353
Argentina,Chemicals,1.2221777728225285
Argentina,Electricity,0.6120479769725073
Argentina,Industry,0.44538720323819564
Argentina,Other,0.22850924627077132
Argentina,Other Energy Supply,0.9292233655323633
Argentina,Other Industry,0.3692538028903079
Argentina,Steel,0.46207307766974787
Argentina,Supply,0.7407412236985041
Argentina,Transportation,0.35668088479374804
Australia_NZ,AFOLU,0.7366242853542423
Australia_NZ,Cement,0.3976968502085288
Australia_NZ,Chemicals,0.7545588297363116
Australia_NZ,Electricity,0.6355111816562438
Australia_NZ,Industry,0.35452904542488844
Australia_NZ,Other,0.4251297330387306
Australia_NZ,Other Energy Supply,1.3237083037945145
Australia_NZ,Other Industry,0.3437862125870237
Australia_NZ,Steel,0.27063649330371264
Australia_NZ,Supply,0.7797581084147928
Australia_NZ,Transportation,0.26294132874276066
Brazil,AFOLU,0.5212470881171483
Brazil,Cement,0.5502308472314572
Brazil,Chemicals,1.7262029480688332
Brazil,Electricity,0.8617038499671097
Brazil,Industry,0.5990788918152576
Brazil,Other,0.22031232292625935
Brazil,Other Energy Supply,1.5162604575664296
Brazil,Other Industry,0.5229890569360022
Brazil,Steel,0.5797684944737865
Brazil,Supply,1.0766730724193723
Brazil,Transportation,0.3786801365812039
Canada,AFOLU,1.3746036546187081
Canada,Cement,0.4388940095192672
Canada,Chemicals,0.6845605122420617
Canada,Electricity,1.1238846730961674
Canada,Industry,0.37121146128174587
Canada,Other,0.41040772264922387
Canada,Other Energy Supply,0.687831663103762
Canada,Other Industry,0.33427243527610306
Canada,Steel,0.41445761020214866
Canada,Supply,0.8875336552307064
Canada,Transportation,0.2221884842632412
China,AFOLU,0.0
China,Cement,0.3839481031783192
China,Chemicals,0.354267526881938
China,Electricity,0.5092826858473655
China,Industry,0.3846063702298177
China,Other,0.17048181509237706
China,Other Energy Supply,0.6199046723968934
China,Other Industry,0.40817403703038224
China,Steel,0.3692823404729626
China,Supply,0.5357512226994513
China,Transportation,0.2184210747853104
EU-15,AFOLU,0.041168434370976024
EU-15,Cement,0.36396084098402964
EU-15,Chemicals,0.5481551928349243
EU-15,Electricity,0.7876582672947482
EU-15,Industry,0.34949769840733247
EU-15,Other,0.29614361078789464
EU-15,Other Energy Supply,1.110891229462791
EU-15,Other Industry,0.3170583843769391
EU-15,Steel,0.29159783673137946
EU-15,Supply,0.8691124689938785
EU-15,Transportation,0.19939826713956046
Europe_Non_EU,AFOLU,0.023872132806257322
Europe_Non_EU,Cement,0.38921930161309426
Europe_Non_EU,Chemicals,0.31219437861719174
Europe_Non_EU,Electricity,0.588830225287732
Europe_Non_EU,Industry,0.38548383763845834
Europe_Non_EU,Other,0.4030215934377664
Europe_Non_EU,Other Energy Supply,0.51485094286365
Europe_Non_EU,Other Industry,0.38996032140849785
Europe_Non_EU,Steel,0.40100068248239473
Europe_Non_EU,Supply,0.5775844870010839
Europe_Non_EU,Transportation,0.2041421933473045
India,AFOLU,0.09459342289197198
India,Cement,0.46428865501242494
India,Chemicals,0.27088107298223824
India,Electricity,0.5989728579602046
India,Industry,0.46997754757600474
India,Other,0.18548366055931476
India,Other Energy Supply,0.5522263197692094
India,Other Industry,0.456072391028473
India,Steel,0.5585920125549677
India,Supply,0.5930920084201554
India,Transportation,0.38935328830804805
Japan,AFOLU,0.0
Japan,Cement,0.396316695559493
Japan,Chemicals,0.27889609995077963
Japan,Electricity,0.5125259338180062
Japan,Industry,0.29244967472285816
Japan,Other,0.19194024288505374
Japan,Other Energy Supply,1.3748929052421701
Japan,Other Industry,0.24464886218263873
Japan,Steel,0.2958992425828631
Japan,Supply,0.55259161613116
Japan,Transportation,0.12799490289659235
Mexico,AFOLU,0.1956906129997127
Mexico,Cement,0.4495671106160921
Mexico,Chemicals,0.3054783223469163
Mexico,Electricity,0.6014508009936633
Mexico,Industry,0.3892589613286841
Mexico,Other,0.40173815327804324
Mexico,Other Energy Supply,0.32879194225942837
Mexico,Other Industry,0.37926681990358235
Mexico,Steel,0.4198061385171412
Mexico,Supply,0.5018566139840525
Mexico,Transportation,0.30657866961345964
Russia,AFOLU,
Russia,Cement,0.4172216565867773
Russia,Chemicals,0.3290740848658161
Russia,Electricity,0.5981993396094435
Russia,Industry,0.298897644715584
Russia,Other,0.3560468784990134
Russia,Other Energy Supply,0.47938699203010066
Russia,Other Industry,0.24784694253195438
Russia,Steel,0.3231566852895823
Russia,Supply,0.5192694125290019
Russia,Transportation,0.2556020926843941
South Africa,AFOLU,0.22879390339116204
South Africa,Cement,0.34312791700745265
South Africa,Chemicals,0.3809066443472365
South Africa,Electricity,0.5258501311438744
South Africa,Industry,0.3562452014055733
South Africa,Other,0.18091130664055463
South Africa,Other Energy Supply,0.551190783952881
South Africa,Other Industry,0.360753468577464
South Africa,Steel,0.3243966072677965
South Africa,Supply,0.5314389434727343
South Africa,Transportation,0.2985873885236985
South Korea,AFOLU,
South Korea,Cement,0.44378160711437936
South Korea,Chemicals,1.8855337550869273
South Korea,Electricity,0.5019709191418655
South Korea,Industry,0.47044660200403277
South Korea,Other,0.14603464947283473
South Korea,Other Energy Supply,0.6609495855193755
South Korea,Other Industry,0.4062621347661076
South Korea,Steel,0.455473209344825
South Korea,Supply,0.5221350658138586
South Korea,Transportation,0.19884296842400462
Taiwan,AFOLU,13.364269672076063
Taiwan,Cement,0.3891857447962337
Taiwan,Chemicals,0.7912662239425096
Taiwan,Electricity,0.5019890025967747
Taiwan,Industry,0.35985201427902075
Taiwan,Other,0.19939257959069204
Taiwan,Other Energy Supply,0.46598917792711514
Taiwan,Other Industry,0.34959210052970036
Taiwan,Steel,0.34302426220192467
Taiwan,Supply,0.5000907266680689
Taiwan,Transportation,0.24921754498646032
USA,AFOLU,0.47293951059725264
USA,Cement,0.32905348591847966
USA,Chemicals,0.4039417734862643
USA,Electricity,0.636367109657887
USA,Industry,0.3052427706731547
USA,Other,0.04593423841437869
USA,Other Energy Supply,0.7296102600001183
USA,Other Industry,0.28544586050370085
USA,Steel,0.16220895397070448
USA,Supply,0.6558600823631401
USA,Transportation,0.23352353765404624
