Region,Sector,Omega
Argentina,AFOLU,0.330722771004516
Argentina,Cement,1.0005079114119937
Argentina,Chemicals,
Argentina,Electricity,1.5776383177389277
Argentina,Industry,0.8030597307502823
Argentina,Other,0.2961918145696553
Argentina,Other Energy Supply,13.12895664680494
Argentina,Other Industry,0.5854237482245043
Argentina,Steel,0.8589885698006858
Argentina,Supply,2.857150042385008
Argentina,Transportation,0.5544384992810202
Australia_NZ,AFOLU,2.796857281792314
Australia_NZ,Cement,0.6602934923156536
Australia_NZ,Chemicals,3.0742960886539756
Australia_NZ,Electricity,1.7435683885832718
Australia_NZ,Industry,0.5492563885516136
Australia_NZ,Other,0.7395229105967535
Australia_NZ,Other Energy Supply,
Australia_NZ,Other Industry,0.5238936139125465
Australia_NZ,Steel,0.37105845140180255
Australia_NZ,Supply,3.540462274467524
Australia_NZ,Transportation,0.35674409514000827
Brazil,AFOLU,1.088760141566919
Brazil,Cement,1.2233627936565348
Brazil,Chemicals,
Brazil,Electricity,6.230859281058618
Brazil,Industry,1.4942563002674465
Brazil,Other,0.2825648389790093
Brazil,Other Energy Supply,
Brazil,Other Industry,1.0963879645541712
Brazil,Steel,1.3796407143433975
Brazil,Supply,
Brazil,Transportation,0.6094769520123282
Canada,AFOLU,
Canada,Cement,0.7821944819074925
Canada,Chemicals,2.170180141705592
Canada,Electricity,
Canada,Industry,0.5903597766562938
Canada,Other,0.6960873444498207
Canada,Other Energy Supply,2.203399838505694
Canada,Other Industry,0.5021159600244866
Canada,Steel,0.7078182851035485
Canada,Supply,7.89154886336297
Canada,Transportation,0.28565851722159163
China,AFOLU,0.0
China,Cement,0.6232398685227242
China,Chemicals,0.5486289471726256
China,Electricity,1.037833129501023
China,Industry,0.6249761967367915
China,Other,0.20551908106916583
China,Other Energy Supply,1.630918949480469
China,Other Industry,0.6896859255418243
China,Steel,0.585495482637794
China,Supply,1.1540175201207108
China,Transportation,0.2794613157274078
EU-15,AFOLU,0.042936044083997406
EU-15,Cement,0.5722302405831761
EU-15,Chemicals,1.2131492586450439
EU-15,Electricity,3.7093898465455424
EU-15,Industry,0.537273576975261
EU-15,Other,0.42074436678680555
EU-15,Other Energy Supply,
EU-15,Other Industry,0.4642540110660566
EU-15,Steel,0.41162753567256943
EU-15,Supply,6.640147173020106
EU-15,Transportation,0.24906049906629352
Europe_Non_EU,AFOLU,0.024455948455694647
Europe_Non_EU,Cement,0.6372488564897953
Europe_Non_EU,Chemicals,0.453899137941816
Europe_Non_EU,Electricity,1.4320853854099287
Europe_Non_EU,Industry,0.6272964996674318
Europe_Non_EU,Other,0.6751024643564765
Europe_Non_EU,Other Energy Supply,1.0612221858218562
Europe_Non_EU,Other Industry,0.6392376350155823
Europe_Non_EU,Steel,0.6694509839247168
Europe_Non_EU,Supply,1.3673372999503595
Europe_Non_EU,Transportation,0.2565058627820813
India,AFOLU,0.10447618261633815
India,Cement,0.8666769135217648
India,Chemicals,0.37151836681869516
India,Electricity,1.4935968047289085
India,Industry,0.8867125259064361
India,Other,0.2277224551280129
India,Other Energy Supply,1.2332710566743945
India,Other Industry,0.8384799438491953
India,Steel,1.2654778083836289
India,Supply,1.457558024646899
India,Transportation,0.6376080978627492
Japan,AFOLU,0.0
Japan,Cement,0.6564976911640763
Japan,Chemicals,0.38676271190842687
Japan,Electricity,1.0513911803190354
Japan,Industry,0.4133270302834048
Japan,Other,0.23753223842051854
Japan,Other Energy Supply,
Japan,Other Industry,0.3238875933775229
Japan,Steel,0.4202512772011702
Japan,Supply,1.2350944596808338
Japan,Transportation,0.14678228753680544
Mexico,AFOLU,0.2433026596016127
Mexico,Cement,0.8167519043407571
Mexico,Chemicals,0.4398398670278855
Mexico,Electricity,1.5091005137965428
Mexico,Industry,0.6373551745851692
Mexico,Other,0.6715088977832673
Mexico,Other Energy Supply,0.4898510059104648
Mexico,Other Industry,0.6109981423011275
Mexico,Steel,0.7235618409408904
Mexico,Supply,1.0074541348381691
Mexico,Transportation,0.44212465953788965
Russia,AFOLU,
Russia,Cement,0.7159182582921474
Russia,Chemicals,0.49047752880435674
Russia,Electricity,1.4887963076715316
Russia,Industry,0.4263252611586653
Russia,Other,0.5529080714277863
Russia,Other Energy Supply,0.9208125511489673
Russia,Other Industry,0.3295166323810149
Russia,Steel,0.47744681563094477
Russia,Supply,1.08016719980467
Russia,Transportation,0.3433675594362267
South Africa,AFOLU,0.29667024728826563
South Africa,Cement,0.5223664178940995
South Africa,Chemicals,0.6152652760190161
South Africa,Electricity,1.1090378078401122
South Africa,Industry,0.5533864791119205
South Africa,Other,0.22086900735811316
South Africa,Other Energy Supply,1.2281182387640928
South Africa,Other Industry,0.5643416911072909
South Africa,Steel,0.48015834549898606
South Africa,Supply,1.134193582820321
South Africa,Transportation,0.42569435399121963
South Korea,AFOLU,0.0
South Korea,Cement,0.7978549663057214
South Korea,Chemicals,
South Korea,Electricity,1.0079148757276162
South Korea,Industry,0.8883836904538481
South Korea,Other,0.1710076988283956
South Korea,Other Energy Supply,1.9494138844568398
South Korea,Other Industry,0.6842449480732848
South Korea,Steel,0.8364569331782544
South Korea,Supply,1.092641515333437
South Korea,Transportation,0.24819474907790656
Taiwan,AFOLU,
Taiwan,Cement,0.6371589095712937
Taiwan,Chemicals,3.790791499525094
Taiwan,Electricity,1.0079877858406578
Taiwan,Industry,0.5621387902575845
Taiwan,Other,0.24905162568784742
Taiwan,Other Energy Supply,0.8726212253869159
Taiwan,Other Industry,0.5374967013998639
Taiwan,Steel,0.5221262254700718
Taiwan,Supply,1.0003629725348528
Taiwan,Transportation,0.3319437519114187
USA,AFOLU,0.8973154317318998
USA,Cement,0.49043176916856224
USA,Chemicals,0.6776884463936775
USA,Electricity,1.750026267038662
USA,Industry,0.4393517012682349
USA,Other,0.048145778062549605
USA,Other Energy Supply,2.698365182053274
USA,Other Industry,0.39947408422392783
USA,Steel,0.19361504845330182
USA,Supply,1.9057948489870056
USA,Transportation,0.304671505422751
