Region,Sector,B_b,B_z,flag_Bb_le0,flag_Bz_le0
Argentina,AFOLU,2789.608433638083,1753.8990156010107,False,False
Argentina,Cement,189.50619470153958,37.892525943666875,False,False
Argentina,Chemicals,93.89124909424362,-160.1179746305759,False,True
Argentina,Electricity,1132.3130635821658,-10.34363275813034,False,True
Argentina,Industry,1441.4608236223748,168.9068852422765,False,False
Argentina,Other,214.982039466916,134.461671650868,False,False
Argentina,Other Energy Supply,935.4412354925363,-454.2394307585277,False,True
Argentina,Other Industry,1075.1250574762616,268.30867173986996,False,False
Argentina,Steel,43.91704643736077,10.446852237391685,False,False
Argentina,Supply,2067.754299074702,-464.58306351665817,False,True
Argentina,Transportation,949.5249619905464,233.44931176878305,False,False
Australia_NZ,AFOLU,2724.140643184183,-103.96413980372753,False,True
Australia_NZ,Cement,125.9710706141791,40.34566835813424,False,False
Australia_NZ,Chemicals,144.4437019188801,-117.63834464009383,False,True
Australia_NZ,Electricity,1709.4638944753497,197.465251737909,False,False
Australia_NZ,Industry,1398.050193249562,246.38664260261606,False,False
Australia_NZ,Other,407.999780864,145.917418678,False,False
Australia_NZ,Other Energy Supply,725.45105339455,-764.9793678778087,False,True
Australia_NZ,Other Industry,878.3296344760864,166.4664530446372,False,False
Australia_NZ,Steel,73.04040640385934,35.395700894425,False,False
Australia_NZ,Supply,2434.9149478699,-567.5141161398997,False,True
Australia_NZ,Transportation,2044.795117095309,684.592143521222,False,False
Brazil,AFOLU,6966.8534890045885,1094.3764981655793,False,False
Brazil,Cement,506.1190796290448,120.27696802820859,False,False
Brazil,Chemicals,54.23001212134098,-473.5994191885187,False,True
Brazil,Electricity,2987.497147995664,-809.332275666025,False,True
Brazil,Industry,3050.785992396107,-183.39031487733047,False,True
Brazil,Other,1370.9165290302,972.6289910926,False,False
Brazil,Other Energy Supply,1385.2909608445148,-1278.8695976519898,False,True
Brazil,Other Industry,1813.857772177454,26.37674077538251,False,False
Brazil,Steel,633.730571924675,131.6331458960179,False,False
Brazil,Supply,4372.788108840177,-2088.201873318016,False,True
Brazil,Transportation,3751.497197509958,933.4880495983653,False,False
Canada,AFOLU,1156.4385374489973,-2321.052495290921,False,True
Canada,Cement,121.75095057502294,42.22581303270591,False,False
Canada,Chemicals,157.73927646200013,-121.640335881494,False,True
Canada,Electricity,1257.5984226454364,-610.0221312664852,False,True
Canada,Industry,2400.941901015793,555.7945075333953,False,False
Canada,Other,309.81689753178,132.048098779864,False,False
Canada,Other Energy Supply,1736.958690927457,-228.1465577344208,False,True
Canada,Other Industry,2031.9850582599472,593.6079608591032,False,False
Canada,Steel,75.6735158467043,29.7310466240972,False,False
Canada,Supply,2994.557113572894,-838.1686890009058,False,True
Canada,Transportation,2287.009481543204,1051.7851230667236,False,False
China,AFOLU,14278.137847788163,12485.901589199,False,False
China,Cement,14558.071602233742,5214.705077469246,False,False
China,Chemicals,8053.234089822978,277.65921688874687,False,False
China,Electricity,61414.24825704789,15117.23074440483,False,False
China,Industry,75272.56900715546,22974.521962903724,False,False
China,Other,4397.8260699864,2991.8543168179,False,False
China,Other Energy Supply,26091.13637259414,-5035.287676108343,False,True
China,Other Industry,38480.27586940599,10892.113847696182,False,False
China,Steel,13682.455762754998,6217.846823499616,False,False
China,Supply,87505.38462964202,10081.943068296501,False,False
China,Transportation,21863.77513076859,8530.410378794733,False,False
EU-15,AFOLU,6914.625277503991,5347.587733538934,False,False
EU-15,Cement,1680.083046562382,526.5124522596202,False,False
EU-15,Chemicals,581.8684414292295,-546.5241505956969,False,True
EU-15,Electricity,5310.764917776686,-759.4701034309439,False,True
EU-15,Industry,7289.159195305661,1396.1106226462703,False,False
EU-15,Other,1564.76739066955,844.21661113135,False,False
EU-15,Other Energy Supply,2371.638979015794,-2218.6872207840006,False,True
EU-15,Other Industry,4120.235996691702,1016.880580582297,False,False
EU-15,Steel,891.7460228650252,387.9943732235955,False,False
EU-15,Supply,7682.403896792482,-2978.157324214942,False,True
EU-15,Transportation,12223.12565810186,5331.001072828734,False,False
Europe_Non_EU,AFOLU,1559.8135393950313,1173.9075174931938,False,False
Europe_Non_EU,Cement,703.7308497925374,211.72599708670091,False,False
Europe_Non_EU,Chemicals,154.68205027110193,35.13479266142479,False,False
Europe_Non_EU,Electricity,3196.249883918236,484.4779202607649,False,False
Europe_Non_EU,Industry,2817.409664299993,684.0206175400311,False,False
Europe_Non_EU,Other,764.2906148557,312.68145502086,False,False
Europe_Non_EU,Other Energy Supply,655.3181577205335,-103.35795904930208,False,True
Europe_Non_EU,Other Industry,1628.7052941963057,322.02137009665233,False,False
Europe_Non_EU,Steel,327.2591284671881,112.93455162577301,False,False
Europe_Non_EU,Supply,3851.5680416387722,381.1199612114621,False,False
Europe_Non_EU,Transportation,1847.182069156389,799.2977943409032,False,False
India,AFOLU,15165.715806959674,12389.229709075678,False,False
India,Cement,6621.495643871413,1424.9871550851178,False,False
India,Chemicals,2084.604052859922,513.2519359010491,False,False
India,Electricity,32848.19391388444,5346.419719923759,False,False
India,Industry,37911.045471416,6511.450037258859,False,False
India,Other,4204.03132401495,2731.95766884015,False,False
India,Other Energy Supply,6931.403311708238,-421.002134779942,False,True
India,Other Industry,21619.78840550547,2916.1479689307994,False,False
India,Steel,7206.664667750144,1535.37792253311,False,False
India,Supply,39779.59722559267,4925.417585143805,False,False
India,Transportation,10093.00299311587,2519.1460052552334,False,False
Japan,AFOLU,730.4247323930996,1322.501144794881,False,False
Japan,Cement,458.6848343928097,174.06447064404233,False,False
Japan,Chemicals,383.7437339849931,17.279566480893408,False,False
Japan,Electricity,4984.721126400214,1168.0350133655593,False,False
Japan,Industry,2438.606233764293,924.7065076480949,False,False
Japan,Other,101.89468125802,70.03298501626,False,False
Japan,Other Energy Supply,472.2518020569753,-531.3777569985443,False,True
Japan,Other Industry,916.7597205392087,363.7972007651923,False,False
Japan,Steel,679.41794484728,369.5652697579662,False,False
Japan,Supply,5456.972928457188,636.6572563670151,False,False
Japan,Transportation,2209.082721747951,1313.8404258588284,False,False
Mexico,AFOLU,2080.675136633832,1449.61788367663,False,False
Mexico,Cement,599.6086505967444,139.12695171409297,False,False
Mexico,Chemicals,155.4606690082459,15.00089397278559,False,False
Mexico,Electricity,3170.069660355489,111.99060793368007,False,False
Mexico,Industry,3885.302889396019,1010.7046971812888,False,False
Mexico,Other,921.867132506,384.36222475244,False,False
Mexico,Other Energy Supply,1507.1862843738957,283.80200707629336,False,False
Mexico,Other Industry,2798.172181025178,759.295749935715,False,False
Mexico,Steel,332.0613887658533,97.28110155869601,False,False
Mexico,Supply,4677.255944729385,395.7926150099743,False,False
Mexico,Transportation,2984.761829392429,921.8133649582134,False,False
Russia,AFOLU,3705.4686890865837,-588.1696155420881,False,True
Russia,Cement,600.581189618072,171.9581952344458,False,False
Russia,Chemicals,2064.8748202077218,221.86682336983657,False,False
Russia,Electricity,6525.419036010581,229.89175957280662,False,False
Russia,Industry,6789.1349653205025,1968.27268422206,False,False
Russia,Other,984.38921918496,460.3534195443,False,False
Russia,Other Energy Supply,16979.58955242829,1896.2222961959171,False,False
Russia,Other Industry,2915.718424798402,1045.3876578443565,False,False
Russia,Steel,1184.909498136597,511.68765434966457,False,False
Russia,Supply,23505.008588438868,2126.1140557687213,False,False
Russia,Transportation,3940.31417141261,1344.4521061395521,False,False
South Africa,AFOLU,710.1854432065552,441.1098193782724,False,False
South Africa,Cement,187.9972587548952,50.757682653290914,False,False
South Africa,Chemicals,205.83822732155022,8.61572801978385,False,False
South Africa,Electricity,2535.712341279297,596.1465135350245,False,False
South Africa,Industry,2165.194382103637,432.9477762664595,False,False
South Africa,Other,311.10667794799997,202.337426645,False,False
South Africa,Other Energy Supply,750.0880295954314,-159.84849865230646,False,True
South Africa,Other Industry,1591.014624895435,311.212330210454,False,False
South Africa,Steel,162.3709443306458,56.01564430191167,False,False
South Africa,Supply,3285.800370874731,436.2980148827185,False,False
South Africa,Transportation,1173.357262197988,311.3511709362654,False,False
South Korea,AFOLU,261.85057714963983,414.07444349676945,False,False
South Korea,Cement,436.0625574955692,143.14215804291854,False,False
South Korea,Chemicals,22.65294729105,-277.6462147503009,False,True
South Korea,Electricity,2571.2539906037086,809.1580313939185,False,False
South Korea,Industry,2362.278336982525,528.2820670852342,False,False
South Korea,Other,195.26545986485,144.17501048601,False,False
South Korea,Other Energy Supply,504.399081148182,-307.162547272939,False,True
South Korea,Other Industry,1231.554687178005,405.69836445667534,False,False
South Korea,Steel,672.0081450179001,257.0877593359402,False,False
South Korea,Supply,3075.653071751891,501.99548412097926,False,False
South Korea,Transportation,1674.0439708770755,961.0210411904383,False,False
Taiwan,AFOLU,20.722088424019926,-13.386809141135698,False,True
Taiwan,Cement,156.74089817871402,54.615314595353865,False,False
Taiwan,Chemicals,-32.144542872662285,-91.68341331258594,True,True
Taiwan,Electricity,1477.5112762923948,406.9908159365908,False,False
Taiwan,Industry,943.6502589483504,257.65129534616693,False,False
Taiwan,Other,89.13002933014,57.38454321114,False,False
Taiwan,Other Energy Supply,170.01928439143794,5.890310712487293,False,False
Taiwan,Other Industry,663.5559296362725,227.34355612465822,False,False
Taiwan,Steel,155.49797400602623,67.37583793874089,False,False
Taiwan,Supply,1647.5305606838333,412.8811266490779,False,False
Taiwan,Transportation,499.3191287209411,251.34851701091299,False,False
USA,AFOLU,12866.533558748986,4347.972086289928,False,False
USA,Cement,822.5369058870348,375.4820966908569,False,False
USA,Chemicals,931.6583461492745,-298.4857514075191,False,True
USA,Electricity,13404.591834018218,-242.35277308572387,False,True
USA,Industry,7936.678562759325,2266.638365769793,False,False
USA,Other,2406.040771563,2163.7662549911,False,False
USA,Other Energy Supply,4200.112862066,-2190.433168763096,False,True
USA,Other Industry,5860.560613919173,1971.9935667860195,False,False
USA,Steel,311.637438304122,209.23754268621138,False,False
USA,Supply,17604.70469608423,-2432.7859418488256,False,True
USA,Transportation,18654.29058836021,8430.78800312891,False,False
