Region,Sector,Omega
Argentina,AFOLU,0.07918601269448125
Argentina,Cement,0.12162670309368079
Argentina,Chemicals,0.12002108522272038
Argentina,Electricity,0.1867466184320967
Argentina,Industry,0.05404935573230532
Argentina,Other,0.0913193530402472
Argentina,Other Energy Supply,0.09395587681189552
Argentina,Other Industry,0.04111306841664177
Argentina,Steel,0.04529306483788672
Argentina,Supply,0.14796006466452966
Argentina,Transportation,0.03657448130062315
Australia_NZ,AFOLU,0.34882068778268666
Australia_NZ,Cement,0.06221333045670519
Australia_NZ,Chemicals,0.059253511544256475
Australia_NZ,Electricity,0.2936319746684218
Australia_NZ,Industry,0.03255511272215491
Australia_NZ,Other,0.2095049267944433
Australia_NZ,Other Energy Supply,0.06375373459069342
Australia_NZ,Other Industry,0.028479528383371883
Australia_NZ,Steel,0.035851880764152605
Australia_NZ,Supply,0.24322057499061012
Australia_NZ,Transportation,0.015606848783932597
Brazil,AFOLU,0.18580553633774385
Brazil,Cement,0.10858586163435235
Brazil,Chemicals,0.07911492547593459
Brazil,Electricity,0.3888470258158302
Brazil,Industry,0.08785016209271852
Brazil,Other,0.11131503102891309
Brazil,Other Energy Supply,0.05637615896605964
Brazil,Other Industry,0.046578281037617936
Brazil,Steel,0.17150806583999506
Brazil,Supply,0.24028297265577475
Brazil,Transportation,0.039063398620165744
Canada,AFOLU,0.6869394806309099
Canada,Cement,0.09389033845784646
Canada,Chemicals,0.09331359545953649
Canada,Electricity,0.877223676264782
Canada,Industry,0.05629385651169533
Canada,Other,0.2325180727090005
Canada,Other Energy Supply,0.1417377417503643
Canada,Other Industry,0.044304826622164374
Canada,Steel,0.14693810407112098
Canada,Supply,0.3928868453299203
Canada,Transportation,0.024192155539490133
China,AFOLU,0.0
China,Cement,0.12254640638135199
China,Chemicals,0.032139455193645666
China,Electricity,0.14218734528616717
China,Industry,0.09587490997772907
China,Other,0.055472029632789584
China,Other Energy Supply,0.21142242250618667
China,Other Industry,0.10933743803489375
China,Steel,0.09261600134139673
China,Supply,0.15449473049581336
China,Transportation,0.025065235385576097
EU-15,AFOLU,0.007752500595431312
EU-15,Cement,0.052349239562016904
EU-15,Chemicals,0.05049129830037084
EU-15,Electricity,0.25471106209211586
EU-15,Industry,0.048202506789799704
EU-15,Other,0.10468473564611401
EU-15,Other Energy Supply,0.031154001264370346
EU-15,Other Industry,0.0407202557924063
EU-15,Steel,0.06122906045369594
EU-15,Supply,0.19189798746926098
EU-15,Transportation,0.017507317970060263
Europe_Non_EU,AFOLU,0.001746364179827265
Europe_Non_EU,Cement,0.07423411549185753
Europe_Non_EU,Chemicals,0.015391896707451566
Europe_Non_EU,Electricity,0.2830255251015893
Europe_Non_EU,Industry,0.06043482895487958
Europe_Non_EU,Other,0.18371625203967953
Europe_Non_EU,Other Energy Supply,0.07853887921556728
Europe_Non_EU,Other Industry,0.05264290843923015
Europe_Non_EU,Steel,0.07474096612114729
Europe_Non_EU,Supply,0.24883323754959807
Europe_Non_EU,Transportation,0.023772261567524995
India,AFOLU,0.014504566898869885
India,Cement,0.12439029133581893
India,Chemicals,0.03571493469456036
India,Electricity,0.24636583658201816
India,Industry,0.11263587476259226
India,Other,0.053573906852277024
India,Other Energy Supply,0.1318405960737702
India,Other Industry,0.08556320996764077
India,Steel,0.16654283955742097
India,Supply,0.23499052706768964
India,Transportation,0.05439918101322122
Japan,AFOLU,0.0
Japan,Cement,0.06451557328862317
Japan,Chemicals,0.007334189188334522
Japan,Electricity,0.16923713929078096
Japan,Industry,0.03518766832063312
Japan,Other,0.08176152648241848
Japan,Other Energy Supply,0.1144300547941064
Japan,Other Industry,0.021674151070331563
Japan,Steel,0.05099883494301805
Japan,Supply,0.16743461153056416
Japan,Transportation,0.007516798030330494
Mexico,AFOLU,0.08723559327280414
Mexico,Cement,0.08837756826394187
Mexico,Chemicals,0.014634717957983604
Mexico,Electricity,0.1773689363980413
Mexico,Industry,0.13565309923276705
Mexico,Other,0.19303557853544218
Mexico,Other Energy Supply,0.05525277471272015
Mexico,Other Industry,0.15988111564020827
Mexico,Steel,0.06878395570365856
Mexico,Supply,0.1230812561024767
Mexico,Transportation,0.03677916688527813
Russia,AFOLU,
Russia,Cement,0.09219541822338984
Russia,Chemicals,0.06630970386587358
Russia,Electricity,0.27195618787073644
Russia,Industry,0.056891220000753966
Russia,Other,0.17719751458931682
Russia,Other Energy Supply,0.12045266402535589
Russia,Other Industry,0.03450533298831153
Russia,Steel,0.07479264574126038
Russia,Supply,0.1697378979593957
Russia,Transportation,0.033005187247220145
South Africa,AFOLU,0.04193500732802251
South Africa,Cement,0.032712825759939744
South Africa,Chemicals,0.010095378870384157
South Africa,Electricity,0.16450411432971926
South Africa,Industry,0.020108060609351094
South Africa,Other,0.035822188022007484
South Africa,Other Energy Supply,0.0631439438719627
South Africa,Other Industry,0.014218736681710791
South Africa,Steel,0.05440465128633734
South Africa,Supply,0.13974108427388238
South Africa,Transportation,0.012023267087853725
South Korea,AFOLU,
South Korea,Cement,0.15796302811747395
South Korea,Chemicals,0.18115922364036646
South Korea,Electricity,0.23348335386062347
South Korea,Industry,0.11645019647435685
South Korea,Other,0.04504660647928725
South Korea,Other Energy Supply,0.04433976553210498
South Korea,Other Industry,0.08121865270062685
South Korea,Steel,0.1314716168324671
South Korea,Supply,0.20982073616630878
South Korea,Transportation,0.03074229306163227
Taiwan,AFOLU,
Taiwan,Cement,0.10552143849372345
Taiwan,Chemicals,0.014644129143308739
Taiwan,Electricity,0.17522790711871694
Taiwan,Industry,0.04480308740185534
Taiwan,Other,0.06962706188714968
Taiwan,Other Energy Supply,0.05907324793940504
Taiwan,Other Industry,0.026890902096804767
Taiwan,Steel,0.06795861593572372
Taiwan,Supply,0.17010441936346263
Taiwan,Transportation,0.04200499692383451
USA,AFOLU,0.2445114603083496
USA,Cement,0.05009662140550354
USA,Chemicals,0.03641932340754654
USA,Electricity,0.1949701289908478
USA,Industry,0.023619935975331973
USA,Other,0.00943131399492027
USA,Other Energy Supply,0.052729075036469855
USA,Other Industry,0.02092506991852326
USA,Steel,0.0
USA,Supply,0.16294918709784403
USA,Transportation,0.020287108899347022
