Region,Sector,B_b,B_z,flag_Bb_le0,flag_Bz_le0
Argentina,AFOLU,470.28482860212,435.777357258297,False,False
Argentina,Cement,24.65233322162444,21.97908907984105,False,False
Argentina,Chemicals,14.44513880253349,12.89720255548673,False,False
Argentina,Electricity,158.50387840492039,133.5616853194258,False,False
Argentina,Industry,207.8830056640722,197.2232178061952,False,False
Argentina,Other,39.149776052730004,35.873803523839996,False,False
Argentina,Other Energy Supply,104.9386446232557,95.9258475113981,False,False
Argentina,Other Industry,151.3087554024973,145.333643379016,False,False
Argentina,Steel,10.25490264867555,9.81055265134278,False,False
Argentina,Supply,263.4425230281761,229.487532830824,False,False
Argentina,Transportation,161.4327281477479,155.7367377452637,False,False
Australia_NZ,AFOLU,403.538896686552,299.1790534811011,False,False
Australia_NZ,Cement,21.28663654859399,20.03988835222174,False,False
Australia_NZ,Chemicals,34.0383959696146,32.1343244073753,False,False
Australia_NZ,Electricity,429.334857007923,331.8833063924292,False,False
Australia_NZ,Industry,288.14194625346886,279.0572074102969,False,False
Australia_NZ,Other,79.0803717258,65.3824304258,False,False
Australia_NZ,Other Energy Supply,99.16788360692061,93.2244751602005,False,False
Australia_NZ,Other Industry,169.2355278856063,164.54924304776512,False,False
Australia_NZ,Steel,28.951127901062378,27.94910009692216,False,False
Australia_NZ,Supply,528.502740614843,425.1077815526297,False,False
Australia_NZ,Transportation,428.48116338536295,421.896685610596,False,False
Brazil,AFOLU,2493.607120485527,2102.880315592735,False,False
Brazil,Cement,76.4983948995583,69.0053856421903,False,False
Brazil,Chemicals,35.6168022049197,33.0055690678277,False,False
Brazil,Electricity,212.59941490147293,153.0761926617431,False,False
Brazil,Industry,552.513074633207,507.89446367349603,False,False
Brazil,Other,291.72407357,262.503489492,False,False
Brazil,Other Energy Supply,130.6297700733744,123.658385286951,False,False
Brazil,Other Industry,280.7689404695551,268.2732343644567,False,False
Brazil,Steel,149.708280432609,127.7910795477666,False,False
Brazil,Supply,343.2291849748474,276.734577948694,False,False
Brazil,Transportation,686.164965298973,660.3687188001929,False,False
Canada,AFOLU,374.86338680638596,222.21507713257637,False,False
Canada,Cement,22.4392167965826,20.51322331653202,False,False
Canada,Chemicals,45.301407541681,41.4349622375638,False,False
Canada,Electricity,256.3966971020781,136.5829231454427,False,False
Canada,Industry,497.992270665692,471.452397072782,False,False
Canada,Other,56.888298036826,46.156157298196,False,False
Canada,Other Energy Supply,300.73129482556647,263.3978748609328,False,False
Canada,Other Industry,396.454395794937,379.634744270292,False,False
Canada,Steel,30.404637312328923,26.50939680563926,False,False
Canada,Supply,557.127991927645,399.9807980063759,False,False
Canada,Transportation,514.215997275194,502.069845481615,False,False
China,AFOLU,966.95010123978,1101.95590625939,False,False
China,Cement,3385.2283753959,3015.668979163672,False,False
China,Chemicals,2029.0779155955902,1965.895117549695,False,False
China,Electricity,15477.83130170165,13551.04428846897,False,False
China,Industry,16680.5249807473,15221.194343327279,False,False
China,Other,995.7108860384001,943.3796993983999,False,False
China,Other Energy Supply,3549.037510864801,2929.644890939499,False,False
China,Other Industry,5992.43512927563,5401.81456409762,False,False
China,Steel,5138.22860858569,4702.68475134679,False,False
China,Supply,19026.86881256645,16480.68917940847,False,False
China,Transportation,3609.4168738807302,3521.1582144067697,False,False
EU-15,AFOLU,623.023728149471,618.230892785041,False,False
EU-15,Cement,318.9666377279884,303.0996039496745,False,False
EU-15,Chemicals,215.1972319913571,204.85389297325239,False,False
EU-15,Electricity,1264.325773225393,1007.6628886313041,False,False
EU-15,Industry,1638.547421542905,1563.197388795684,False,False
EU-15,Other,338.70627853,306.60899675769997,False,False
EU-15,Other Energy Supply,406.026251483726,393.759080589193,False,False
EU-15,Other Industry,777.8533723175119,747.41830764623,False,False
EU-15,Steel,322.6836470675536,304.06597321185313,False,False
EU-15,Supply,1670.352024709119,1401.421969220497,False,False
EU-15,Transportation,2858.463026808215,2809.2800674012688,False,False
Europe_Non_EU,AFOLU,124.9071214556125,124.6893684090177,False,False
Europe_Non_EU,Cement,129.9508635925959,120.9707099397933,False,False
Europe_Non_EU,Chemicals,34.180977307266204,33.6628423154673,False,False
Europe_Non_EU,Electricity,534.485243188067,416.5819250912773,False,False
Europe_Non_EU,Industry,420.628116193484,396.656262797439,False,False
Europe_Non_EU,Other,155.16498252,131.0829197898,False,False
Europe_Non_EU,Other Energy Supply,90.21196120341921,83.6427531189523,False,False
Europe_Non_EU,Other Industry,169.9858557131571,161.4848248635406,False,False
Europe_Non_EU,Steel,85.8547439537102,79.8841271153634,False,False
Europe_Non_EU,Supply,624.697204391486,500.2246782102289,False,False
Europe_Non_EU,Transportation,350.1807154434,342.049426995833,False,False
India,AFOLU,2281.4808943363278,2248.862123223695,False,False
India,Cement,652.003170048156,579.872643042436,False,False
India,Chemicals,274.8881107695739,265.4090440924658,False,False
India,Electricity,4269.96815740527,3425.934851612311,False,False
India,Industry,3206.5245388187777,2881.917266511802,False,False
India,Other,711.16444445764,675.00195271764,False,False
India,Other Energy Supply,427.62062849549204,377.809940709726,False,False
India,Other Industry,1250.221136931291,1151.6797229785989,False,False
India,Steel,1004.0531492007669,860.708338479621,False,False
India,Supply,4697.58878590076,3803.744792322027,False,False
India,Transportation,1203.307623863866,1141.22587112364,False,False
Japan,AFOLU,19.54436507923435,46.43706873444911,False,False
Japan,Cement,82.6617806658414,77.6520163161852,False,False
Japan,Chemicals,159.53961704783399,158.37804252070902,False,False
Japan,Electricity,1286.723866758297,1100.481522113452,False,False
Japan,Industry,761.80497595444,735.910018316102,False,False
Japan,Other,24.34666773306,22.50650179086,False,False
Japan,Other Energy Supply,41.7065557208044,37.4241124791899,False,False
Japan,Other Industry,201.0159650847605,196.7515424307947,False,False
Japan,Steel,318.58761315600316,303.1284170484128,False,False
Japan,Supply,1328.430422479101,1137.905634592642,False,False
Japan,Transportation,678.474902188859,673.4129927314959,False,False
Mexico,AFOLU,364.338985971096,335.1058300753016,False,False
Mexico,Cement,74.7191014934821,68.6518205374865,False,False
Mexico,Chemicals,29.85052467249838,29.419971684562938,False,False
Mexico,Electricity,352.65025790972,299.5240039104421,False,False
Mexico,Industry,648.254276949997,570.820682291053,False,False
Mexico,Other,173.562830481,145.48001216699998,False,False
Mexico,Other Energy Supply,252.97483789407772,239.72913784846202,False,False
Mexico,Other Industry,489.154329587351,421.72798831831767,False,False
Mexico,Steel,54.5303211966659,51.020901750686,False,False
Mexico,Supply,605.625095803798,539.253141758905,False,False
Mexico,Transportation,513.060106689701,494.859583483965,False,False
Russia,AFOLU,-907.899716137391,-905.638047499977,True,True
Russia,Cement,88.6124366272744,81.1324009868262,False,False
Russia,Chemicals,353.19262215721,331.2289299034988,False,False
Russia,Electricity,1351.502779609141,1062.538782779591,False,False
Russia,Industry,1583.3282809320808,1498.099568781498,False,False
Russia,Other,239.1772280038,203.175104466,False,False
Russia,Other Energy Supply,2469.164890845034,2203.720844372196,False,False
Russia,Other Industry,642.256694928692,620.83459064773,False,False
Russia,Steel,493.46971221851004,459.1301533126653,False,False
Russia,Supply,3820.6676704541696,3266.259627151786,False,False
Russia,Transportation,749.88776789927,725.92836624334,False,False
South Africa,AFOLU,123.5870768361935,118.6130382096719,False,False
South Africa,Cement,25.156669864199934,24.35979222557632,False,False
South Africa,Chemicals,26.17356749351196,25.91197627572808,False,False
South Africa,Electricity,607.069908239184,521.3119479518622,False,False
South Africa,Industry,364.86529285060396,357.673178891122,False,False
South Africa,Other,58.3247768,56.307711376,False,False
South Africa,Other Energy Supply,179.17647015788762,168.5345349429619,False,False
South Africa,Other Industry,263.73906647569777,260.0416033907942,False,False
South Africa,Steel,46.7180907417528,44.30755373163267,False,False
South Africa,Supply,786.246378397072,689.8464828948249,False,False
South Africa,Transportation,194.27877751421738,191.970662960412,False,False
South Korea,AFOLU,-67.9900492837856,-51.664753071416996,True,True
South Korea,Cement,98.4895150002587,85.0541101993345,False,False
South Korea,Chemicals,18.97434481216043,16.06417190197352,False,False
South Korea,Electricity,799.2610789518731,647.9707054418709,False,False
South Korea,Industry,597.553264004209,535.226081639132,False,False
South Korea,Other,42.77891609762,40.93493613815,False,False
South Korea,Other Energy Supply,96.7635770527838,92.6552643559268,False,False
South Korea,Other Industry,238.6340027859371,220.7083666101081,False,False
South Korea,Steel,241.45540140585308,213.3994329277148,False,False
South Korea,Supply,896.0246560046571,740.625969797797,False,False
South Korea,Transportation,405.773177888056,393.670833747183,False,False
Taiwan,AFOLU,-13.85193960985461,-16.43271316962602,True,True
Taiwan,Cement,34.07487771655477,30.82244860215637,False,False
Taiwan,Chemicals,7.790842752483551,7.67839928178717,False,False
Taiwan,Electricity,365.341465269915,310.8686094475202,False,False
Taiwan,Industry,278.4971937926882,266.5547194019458,False,False
Taiwan,Other,21.010682584656,19.642998324656,False,False
Taiwan,Other Energy Supply,15.19230425105094,14.344904170330029,False,False
Taiwan,Other Industry,173.0489674371608,168.5173829895783,False,False
Taiwan,Steel,63.582505886489,59.5364885284242,False,False
Taiwan,Supply,380.533769520966,325.2135136178501,False,False
Taiwan,Transportation,151.1329242385787,145.0404985434305,False,False
USA,AFOLU,1368.9399350308781,1099.981782965421,False,False
USA,Cement,165.0110254779401,157.1388976159935,False,False
USA,Chemicals,438.57152087290604,423.160308735819,False,False
USA,Electricity,4111.48955897786,3440.663041887091,False,False
USA,Industry,1997.0212881377502,1950.940205394628,False,False
USA,Other,427.5547524126,423.56002482279996,False,False
USA,Other Energy Supply,1052.281692151332,999.575025620792,False,False
USA,Other Industry,1232.692966801536,1207.427462722522,False,False
USA,Steel,158.20410291088422,160.6715950548958,False,False
USA,Supply,5163.77125112919,4440.238067507879,False,False
USA,Transportation,5222.98981944641,5119.13732310193,False,False
