Region,Sector,Omega
Argentina,AFOLU,0.5905182731869911
Argentina,Cement,4.001149698578289
Argentina,Chemicals,
Argentina,Electricity,
Argentina,Industry,7.534056036583551
Argentina,Other,0.5988350942499101
Argentina,Other Energy Supply,
Argentina,Other Industry,3.007045506597023
Argentina,Steel,3.2038544663407387
Argentina,Supply,
Argentina,Transportation,3.067371005706762
Australia_NZ,AFOLU,
Australia_NZ,Cement,2.122294802405513
Australia_NZ,Chemicals,
Australia_NZ,Electricity,7.657036513666116
Australia_NZ,Industry,4.674212605365961
Australia_NZ,Other,1.7961005927903948
Australia_NZ,Other Energy Supply,
Australia_NZ,Other Industry,4.276316149059573
Australia_NZ,Steel,1.063538920212866
Australia_NZ,Supply,
Australia_NZ,Transportation,1.9868807821513093
Brazil,AFOLU,5.366048156811297
Brazil,Cement,3.2079467742348196
Brazil,Chemicals,
Brazil,Electricity,
Brazil,Industry,
Brazil,Other,0.40949585256571974
Brazil,Other Energy Supply,
Brazil,Other Industry,67.76731995146015
Brazil,Steel,3.8143692655137422
Brazil,Supply,
Brazil,Transportation,3.018795097724117
Canada,AFOLU,
Canada,Cement,1.8833299309292402
Canada,Chemicals,
Canada,Electricity,
Canada,Industry,3.319837401184701
Canada,Other,1.3462427736144273
Canada,Other Energy Supply,
Canada,Other Industry,2.4231095137591194
Canada,Steel,1.545269152595874
Canada,Supply,
Canada,Transportation,1.1744075204970545
China,AFOLU,0.14354079645634454
China,Cement,1.7917344098966639
China,Chemicals,28.00402219692842
China,Electricity,3.0625329662166108
China,Industry,2.276349737709269
China,Other,0.46993322678354044
China,Other Energy Supply,
China,Other Industry,2.532856560946161
China,Steel,1.2005134817801841
China,Supply,7.679416659751819
China,Transportation,1.5630390754844008
EU-15,AFOLU,0.293036341252885
EU-15,Cement,2.1909654545718946
EU-15,Chemicals,
EU-15,Electricity,
EU-15,Industry,4.221047012370237
EU-15,Other,0.853514098203513
EU-15,Other Energy Supply,
EU-15,Other Industry,3.051838608553552
EU-15,Steel,1.298347822562687
EU-15,Supply,
EU-15,Transportation,1.2928387166157573
Europe_Non_EU,AFOLU,0.32873630686505495
Europe_Non_EU,Cement,2.323781016387716
Europe_Non_EU,Chemicals,3.4025320360273685
Europe_Non_EU,Electricity,5.597307638288015
Europe_Non_EU,Industry,3.118895822807722
Europe_Non_EU,Other,1.4443106637223229
Europe_Non_EU,Other Energy Supply,
Europe_Non_EU,Other Industry,4.0577553089332605
Europe_Non_EU,Steel,1.8977768429241602
Europe_Non_EU,Supply,9.105920533251085
Europe_Non_EU,Transportation,1.311006088387327
India,AFOLU,0.22410482032229107
India,Cement,3.6467054950231437
India,Chemicals,3.0615610133067612
India,Electricity,5.143960937349091
India,Industry,4.822212449529215
India,Other,0.5388347235262132
India,Other Energy Supply,
India,Other Industry,6.413817349409855
India,Steel,3.693739933332104
India,Supply,7.076390790818855
India,Transportation,3.006517673870702
Japan,AFOLU,0.0
Japan,Cement,1.6351433620868512
Japan,Chemicals,21.207949164078354
Japan,Electricity,3.267612759344697
Japan,Industry,1.6371678079422858
Japan,Other,0.45495270884658806
Japan,Other Energy Supply,
Japan,Other Industry,1.519974641396205
Japan,Steel,0.8384247667326558
Japan,Supply,7.571288356307362
Japan,Transportation,0.6813934769162872
Mexico,AFOLU,0.4353266195617476
Mexico,Cement,3.3097950699656318
Mexico,Chemicals,9.363426959105269
Mexico,Electricity,27.306567120635496
Mexico,Industry,2.844152402013738
Mexico,Other,1.3984332307883693
Mexico,Other Energy Supply,4.310696354479004
Mexico,Other Industry,2.6852203917407445
Mexico,Steel,2.4134213474700332
Mexico,Supply,10.817441173356693
Mexico,Transportation,2.2379242294102895
Russia,AFOLU,
Russia,Cement,2.492599982218042
Russia,Chemicals,8.306821041763955
Russia,Electricity,27.38474527375995
Russia,Industry,2.4492857721103007
Russia,Other,1.1383336745046853
Russia,Other Energy Supply,7.954429861146386
Russia,Other Industry,1.789126505291601
Russia,Steel,1.315689049880579
Russia,Supply,10.055384599270878
Russia,Transportation,1.9307954916496008
South Africa,AFOLU,0.6099969032825765
South Africa,Cement,2.7038187901335613
South Africa,Chemicals,22.890984818566064
South Africa,Electricity,3.253505277155865
South Africa,Industry,4.001052091721702
South Africa,Other,0.53756367819106
South Africa,Other Energy Supply,
South Africa,Other Industry,4.112312304012917
South Africa,Steel,1.898671368582375
South Africa,Supply,6.531091728111549
South Africa,Transportation,2.768597557123618
South Korea,AFOLU,0.0
South Korea,Cement,2.0463600902595296
South Korea,Chemicals,
South Korea,Electricity,2.177690748708589
South Korea,Industry,3.4716231804275686
South Korea,Other,0.3543641107194339
South Korea,Other Energy Supply,
South Korea,Other Industry,2.0356412425456627
South Korea,Steel,1.6139250921697041
South Korea,Supply,5.1268540635131865
South Korea,Transportation,0.7419430991889624
Taiwan,AFOLU,
Taiwan,Cement,1.869907448854062
Taiwan,Chemicals,
Taiwan,Electricity,2.6303307554797284
Taiwan,Industry,2.6625092751057617
Taiwan,Other,0.553206217956568
Taiwan,Other Energy Supply,27.864230206226956
Taiwan,Other Industry,1.9187364750836746
Taiwan,Steel,1.307918962691155
Taiwan,Supply,2.9903266445117196
Taiwan,Transportation,0.9865608703760992
USA,AFOLU,1.9592033489175056
USA,Cement,1.1906155130593308
USA,Chemicals,
USA,Electricity,
USA,Industry,2.5015195553984544
USA,Other,0.11196889498255728
USA,Other Energy Supply,
USA,Other Industry,1.9718964162093036
USA,Steel,0.4893954225579743
USA,Supply,
USA,Transportation,1.2126390298791836
