Region,Sector,B_b,B_z,flag_Bb_le0,flag_Bz_le0
Argentina,AFOLU,1108.131352558255,832.728932504676,False,False
Argentina,Cement,64.91706866336247,32.45029339451243,False,False
Argentina,Chemicals,36.35433170470638,-8.0771244506031,False,True
Argentina,Electricity,392.1635575322234,152.1406455022846,False,False
Argentina,Industry,516.1267642178827,286.2505081865003,False,False
Argentina,Other,90.97647572062,70.18750982533,False,False
Argentina,Other Energy Supply,267.7643673580794,18.951460751960795,False,False
Argentina,Other Industry,377.8392990336903,238.3207009840919,False,False
Argentina,Steel,19.90095411202522,10.705258996917303,False,False
Argentina,Supply,659.9279248903031,171.09210625424544,False,False
Argentina,Transportation,352.7439821003871,226.926946459151,False,False
Australia_NZ,AFOLU,1009.984694158172,266.00544060518564,False,False
Australia_NZ,Cement,50.60584129883715,30.48005761213693,False,False
Australia_NZ,Chemicals,69.25589780941883,16.998248606006168,False,False
Australia_NZ,Electricity,897.82500964984,327.24717684674164,False,False
Australia_NZ,Industry,610.7170702844297,394.20013033180635,False,False
Australia_NZ,Other,177.313415496,101.932210502,False,False
Australia_NZ,Other Energy Supply,238.08889032303142,-77.0713508387867,False,True
Australia_NZ,Other Industry,369.5651869740367,242.51377104021736,False,False
Australia_NZ,Steel,43.76114994798151,31.917785783121847,False,False
Australia_NZ,Supply,1135.913899972871,250.17582600795498,False,False
Australia_NZ,Transportation,896.760352710957,660.9649940053113,False,False
Brazil,AFOLU,5090.948203641937,2437.3062767383503,False,False
Brazil,Cement,217.2309814285185,97.70379447218382,False,False
Brazil,Chemicals,69.8246187457169,-50.706843980921924,False,True
Brazil,Electricity,813.9975729939389,112.57273048117835,False,False
Brazil,Industry,1386.586953330327,555.9119779237003,False,False
Brazil,Other,674.4525947,525.8623768580001,False,False
Brazil,Other Energy Supply,398.06516578267554,-205.50530462822073,False,True
Brazil,Other Industry,722.1850859513721,344.49018891641833,False,False
Brazil,Steel,354.6980523669107,149.05529655336258,False,False
Brazil,Supply,1212.0627387766144,-92.93257414704198,False,True
Brazil,Transportation,1496.029366846621,929.5127618796506,False,False
Canada,AFOLU,797.3873691424715,-298.70422262756676,False,True
Canada,Cement,54.80584841473899,30.75188985888902,False,False
Canada,Chemicals,94.3562844903608,29.76369804638171,False,False
Canada,Electricity,604.0082250255448,-74.8273615046859,False,True
Canada,Industry,1099.812902718689,691.5497479639658,False,False
Canada,Other,130.747784486154,77.08788401376,False,False
Canada,Other Energy Supply,714.8549559443078,223.1550827191681,False,False
Canada,Other Industry,893.993396398208,595.1560466634245,False,False
Canada,Steel,49.60833211005031,29.047781337604345,False,False
Canada,Supply,1318.863180969854,148.3277212144828,False,False
Canada,Transportation,1043.3253768181519,811.5104927495518,False,False
China,AFOLU,3617.348210774771,4349.958683640567,False,False
China,Cement,7728.00082850008,4760.8495690369955,False,False
China,Chemicals,4466.716217758709,2884.303710009887,False,False
China,Electricity,33390.72894876752,16385.408827337822,False,False
China,Industry,38071.84222224096,23429.169177182546,False,False
China,Other,2216.8589579077,1838.9248189598,False,False
China,Other Energy Supply,10502.287700338162,3991.870484042111,False,False
China,Other Industry,16153.67567202418,9560.164660094597,False,False
China,Steel,9425.286765640454,5944.6948091959075,False,False
China,Supply,43893.01664910569,20377.27931137994,False,False
China,Transportation,8861.82067856699,6926.212281399699,False,False
EU-15,AFOLU,1907.2016701890561,1828.685163397662,False,False
EU-15,Cement,720.6401661015319,458.35536520034753,False,False
EU-15,Chemicals,372.6703836487533,168.3891776359057,False,False
EU-15,Electricity,2681.056945228435,569.300277231255,False,False
EU-15,Industry,3241.836504354184,2108.8221074695243,False,False
EU-15,Other,716.5675929716,504.3606786154,False,False
EU-15,Other Energy Supply,903.236300657484,-100.16098387533151,False,True
EU-15,Other Industry,1638.655969214486,1119.1063550657138,False,False
EU-15,Steel,501.9936662750463,355.61339913638875,False,False
EU-15,Supply,3584.29324588592,469.1392933559249,False,False
EU-15,Transportation,5723.145680469112,4581.960349196311,False,False
Europe_Non_EU,AFOLU,420.2747026838848,410.2418491663048,False,False
Europe_Non_EU,Cement,305.100724331952,186.34963348582045,False,False
Europe_Non_EU,Chemicals,76.16645290668032,52.38771447000366,False,False
Europe_Non_EU,Electricity,1309.568600409129,538.4550264004818,False,False
Europe_Non_EU,Industry,1063.438536106229,653.5001681153757,False,False
Europe_Non_EU,Other,347.6254008734,207.52485789396002,False,False
Europe_Non_EU,Other Energy Supply,234.75583838130632,113.89157364794413,False,False
Europe_Non_EU,Other Industry,509.6879697221437,310.92988523125183,False,False
Europe_Non_EU,Steel,170.9612971814915,102.4057003336379,False,False
Europe_Non_EU,Supply,1544.324438790436,652.3466000484252,False,False
Europe_Non_EU,Transportation,783.913425427899,623.8836193666491,False,False
India,AFOLU,5802.489938911463,5253.612554293598,False,False
India,Cement,2182.744331215048,1169.3209014392185,False,False
India,Chemicals,715.8385957925539,521.9314688821681,False,False
India,Electricity,11636.39486889895,4666.510177921085,False,False
India,Industry,11073.257313376409,5869.0749975577055,False,False
India,Other,1759.102885753428,1432.818043203428,False,False
India,Other Energy Supply,1674.556080459493,749.8221389001949,False,False
India,Other Industry,5251.955428226742,2856.6835585004037,False,False
India,Steel,2810.504418312219,1240.5790989925677,False,False
India,Supply,13310.950949358441,5416.332316821269,False,False
India,Transportation,3221.344476962905,1967.1034120844288,False,False
Japan,AFOLU,115.32061551767475,311.27960069971743,False,False
Japan,Cement,220.4627956714777,133.08970899714996,False,False
Japan,Chemicals,280.4230751334233,202.2141731425071,False,False
Japan,Electricity,2745.20667893821,1338.2170622919766,False,False
Japan,Industry,1440.674696725633,1019.3498502867694,False,False
Japan,Other,52.86412633476,42.71737308616,False,False
Japan,Other Energy Supply,133.7570305905709,-50.14456179466495,False,True
Japan,Other Industry,435.8981109936464,329.25613411148925,False,False
Japan,Steel,503.890714927084,354.78983403562245,False,False
Japan,Supply,2878.96370952878,1288.072500497312,False,False
Japan,Transportation,1245.889564283551,1086.4220504832,False,False
Mexico,AFOLU,847.276016025119,681.4720530692091,False,False
Mexico,Cement,206.5697847048632,113.70280345450963,False,False
Mexico,Chemicals,68.99336655147947,47.91738868426767,False,False
Mexico,Electricity,954.813954925625,380.54033693568033,False,False
Mexico,Industry,1473.966620575941,900.2119048173996,False,False
Mexico,Other,398.919521747,238.6583297738,False,False
Mexico,Other Energy Supply,549.4704299763646,368.80898009031245,False,False
Mexico,Other Industry,1067.738128808936,662.7804842057692,False,False
Mexico,Steel,130.6653405106622,75.81122847285371,False,False
Mexico,Supply,1504.2843849019891,749.3493170259937,False,False
Mexico,Transportation,1132.610168538136,785.3760498770379,False,False
Russia,AFOLU,-1026.3639859031962,-1114.854708177344,True,True
Russia,Cement,230.1648641786719,134.1350982579758,False,False
Russia,Chemicals,845.134522531756,567.02265294111,False,False
Russia,Electricity,3113.387828765141,1250.9612856497545,False,False
Russia,Industry,3152.1117110339737,2209.9529447255095,False,False
Russia,Other,488.10261285580003,314.31520116128,False,False
Russia,Other Energy Supply,6161.59880026183,3207.808485308034,False,False
Russia,Other Industry,1329.5134005759119,999.9975691879106,False,False
Russia,Steel,735.3325207426651,497.7049007538324,False,False
Russia,Supply,9274.98662902697,4458.769770957787,False,False
Russia,Transportation,1599.149159775469,1190.4032880223685,False,False
South Africa,AFOLU,290.2225936094864,223.8214335652651,False,False
South Africa,Cement,65.83423299873328,43.24466976209463,False,False
South Africa,Chemicals,68.79683257313152,42.59166193598134,False,False
South Africa,Electricity,1269.901598934268,602.1236765948674,False,False
South Africa,Industry,816.11095854306,525.3753457475921,False,False
South Africa,Other,136.515414048,111.81823211599999,False,False
South Africa,Other Energy Supply,359.320526089532,161.26636362388123,False,False
South Africa,Other Industry,597.6806197422643,382.06526306871416,False,False
South Africa,Steel,76.24296823296497,51.510008010164746,False,False
South Africa,Supply,1629.222125023802,763.3900402187495,False,False
South Africa,Transportation,424.5398542717042,297.7776078604845,False,False
South Korea,AFOLU,-76.98901929450878,31.354408791627172,True,False
South Korea,Cement,223.3405808467267,124.22613894470736,False,False
South Korea,Chemicals,34.85843251007604,-30.868318637091864,False,True
South Korea,Electricity,1578.288456809494,786.0335494738357,False,False
South Korea,Industry,1283.902482331717,679.894922214218,False,False
South Korea,Other,96.69367810457,82.57305071633,False,False
South Korea,Other Energy Supply,229.2616075129125,77.73124305174721,False,False
South Korea,Other Industry,569.2638094500624,337.9934789777933,False,False
South Korea,Steel,456.4396595248516,248.54362292880822,False,False
South Korea,Supply,1807.550064322407,863.7647925255826,False,False
South Korea,Transportation,855.443180275068,685.3443189911026,False,False
Taiwan,AFOLU,2.107878725856832,-26.06238100252596,False,True
Taiwan,Cement,77.59595249033657,47.39671392721177,False,False
Taiwan,Chemicals,7.187655250732915,1.5003064214849298,False,False
Taiwan,Electricity,804.164384152815,400.48270702809384,False,False
Taiwan,Industry,544.4754121329092,348.54483835148187,False,False
Taiwan,Other,45.671014882768,36.564553412768,False,False
Taiwan,Other Energy Supply,44.76412214460643,23.90452566581231,False,False
Taiwan,Other Industry,359.105116412148,233.5648044546626,False,False
Taiwan,Steel,100.58668797969183,66.08301354812284,False,False
Taiwan,Supply,848.928506297422,424.38723269390596,False,False
Taiwan,Transportation,296.8893293604151,222.89929956453582,False,False
USA,AFOLU,3870.48733930264,2039.980951279987,False,False
USA,Cement,385.6532018402931,258.7526714191216,False,False
USA,Chemicals,784.6243661213135,467.6818081497342,False,False
USA,Electricity,8424.153054179806,3063.299123775741,False,False
USA,Industry,4073.550747359632,2830.128830757878,False,False
USA,Other,1012.1239617254,965.6328183626,False,False
USA,Other Energy Supply,2226.595118974445,602.0484753045059,False,False
USA,Other Industry,2673.366641269777,1910.265199910637,False,False
USA,Steel,224.6266560352669,188.19020112584903,False,False
USA,Supply,10650.74817315426,3665.3475990802435,False,False
USA,Transportation,9922.624325224191,7605.4579899857445,False,False
