Region,Sector,Eq9_Ctilde
USA,Supply,17.57490297344571
EU-15,Supply,24.587250286721595
Europe_Non_EU,Supply,12.61217107999511
Japan,Supply,13.872198863379726
China,Supply,12.628363997433409
India,Supply,10.878774640607944
South Korea,Supply,14.72025806055014
Canada,Supply,23.046909777213493
Australia_NZ,Supply,21.69079852032013
Taiwan,Supply,10.579206645503508
Mexico,Supply,11.842063449951958
Russia,Supply,11.825907757896026
Brazil,Supply,49.84792131549331
South Africa,Supply,13.850429887112417
Argentina,Supply,28.16108990695423
USA,Other Energy Supply,26.198853283282567
EU-15,Other Energy Supply,40.74014825195895
Europe_Non_EU,Other Energy Supply,13.199943605757467
Japan,Other Energy Supply,53.754681637388416
China,Other Energy Supply,18.21111428278016
India,Other Energy Supply,12.193949612709728
South Korea,Other Energy Supply,29.352131620913
Canada,Other Energy Supply,21.063612556498118
Australia_NZ,Other Energy Supply,46.86090157145578
Taiwan,Other Energy Supply,13.667038961835189
Mexico,Other Energy Supply,7.930363078176167
Russia,Other Energy Supply,11.700224376820616
Brazil,Other Energy Supply,76.28356924085952
South Africa,Other Energy Supply,19.005755440718247
Argentina,Other Energy Supply,39.59128903053191
USA,Electricity,15.322508832933332
EU-15,Electricity,19.227906974664474
Europe_Non_EU,Electricity,12.50799205998296
Japan,Electricity,12.076089909999487
China,Electricity,10.969473943326495
India,Electricity,10.699595746295325
South Korea,Electricity,12.666544212455873
Canada,Electricity,25.39342140483016
Australia_NZ,Electricity,15.217425571032166
Taiwan,Electricity,10.417398926619441
Mexico,Electricity,14.191252169572753
Russia,Electricity,12.06969044398979
Brazil,Electricity,36.546505358555585
South Africa,Electricity,12.377893397871704
Argentina,Electricity,20.39358279677502
USA,Industry,10.825645042486236
EU-15,Industry,11.766581328982051
Europe_Non_EU,Industry,9.886015660761556
Japan,Industry,8.08326151281076
China,Industry,10.018639545646453
India,Industry,10.015880655555486
South Korea,Industry,15.133019764644338
Canada,Industry,11.546683407652178
Australia_NZ,Industry,12.348566764722495
Taiwan,Industry,8.534171833650865
Mexico,Industry,8.861320562802659
Russia,Industry,6.8728861199618265
Brazil,Industry,25.93962885981283
South Africa,Industry,14.24109538928938
Argentina,Industry,18.812239065087677
USA,Other Industry,10.245950301731384
EU-15,Other Industry,11.086324291379674
Europe_Non_EU,Other Industry,10.757565314467554
Japan,Other Industry,7.769493724403764
China,Other Industry,11.577072349592804
India,Other Industry,10.511423323112334
South Korea,Other Industry,14.051798008925273
Canada,Other Industry,10.486510942396123
Australia_NZ,Other Industry,12.303666287968944
Taiwan,Other Industry,8.656764050819074
Mexico,Other Industry,8.257317414997813
Russia,Other Industry,6.028136595627464
Brazil,Other Industry,24.290982062358996
South Africa,Other Industry,14.56865251161722
Argentina,Other Industry,15.64252323116618
USA,Chemicals,14.516563077790396
EU-15,Chemicals,19.51726359542952
Europe_Non_EU,Chemicals,8.068480202669063
Japan,Chemicals,9.285488755501769
China,Chemicals,11.081387444092899
India,Chemicals,5.634883306396926
South Korea,Chemicals,77.16262161111412
Canada,Chemicals,22.699439596322367
Australia_NZ,Chemicals,26.55055466583164
Taiwan,Chemicals,19.694715956844508
Mexico,Chemicals,8.17506294526228
Russia,Chemicals,8.018698657916055
Brazil,Chemicals,80.66465415806049
South Africa,Chemicals,18.062042172387034
Argentina,Chemicals,56.93671747842099
USA,Cement,10.804194858494304
EU-15,Cement,12.22691935091379
Europe_Non_EU,Cement,9.46149762846575
Japan,Cement,11.27336509930672
China,Cement,9.41905836703895
India,Cement,9.474094196894411
South Korea,Cement,13.675351829409289
Canada,Cement,12.906226948501526
Australia_NZ,Cement,12.97706922841181
Taiwan,Cement,8.871252255415337
Mexico,Cement,11.37179698111189
Russia,Cement,10.176841466068728
Brazil,Cement,22.478167907278483
South Africa,Cement,13.971967684858546
Argentina,Cement,18.621067700047153
USA,Transportation,7.913964550794212
EU-15,Transportation,7.571649638159586
Europe_Non_EU,Transportation,5.626510830101124
Japan,Transportation,4.269640688595076
China,Transportation,7.9880564980294295
India,Transportation,8.072481417528925
South Korea,Transportation,7.498545974686468
Canada,Transportation,7.452968112652559
Australia_NZ,Transportation,9.782267931465631
Taiwan,Transportation,5.778480434633294
Mexico,Transportation,8.002408384972183
Russia,Transportation,6.788172768620642
Brazil,Transportation,16.369652244467645
South Africa,Transportation,12.22596004361699
Argentina,Transportation,14.151666781994164
USA,AFOLU,14.612795963325954
EU-15,AFOLU,2.2137762991121117
Europe_Non_EU,AFOLU,0.44121095015028644
Japan,AFOLU,0.0
China,AFOLU,0.0
India,AFOLU,1.7165794065879645
South Korea,AFOLU,
Canada,AFOLU,36.33693672140412
Australia_NZ,AFOLU,21.711923463908022
Taiwan,AFOLU,
Mexico,AFOLU,4.02111050566972
Russia,AFOLU,
Brazil,AFOLU,17.81101838309201
South Africa,AFOLU,8.09744360975992
Argentina,AFOLU,7.7835779706314145
USA,Other,2.248151283503696
EU-15,Other,7.398411369760548
Europe_Non_EU,Other,8.459107493753102
Japan,Other,6.241942641334829
China,Other,7.114698856787494
India,Other,7.8771021762717774
South Korea,Other,10.983931548802326
Canada,Other,9.667295653412342
Australia_NZ,Other,9.878076116488343
Taiwan,Other,6.126969013767716
Mexico,Other,8.737227127827751
Russia,Other,6.487714147677745
Brazil,Other,11.722010846122261
South Africa,Other,6.946272538593579
Argentina,Other,8.444188370221772
