Region,Sector,Value
USA,Agriculture,3.261365525695699
EU-15,Agriculture,4.441319399304637
EU-27,Agriculture,5.265793995739193
Europe_Non_EU,Agriculture,11.309462463454503
Japan,Agriculture,4.1968442838770805
China,Agriculture,3.5327997490852647
India,Agriculture,7.658304106782084
South Korea,Agriculture,6.48676227424574
Canada,Agriculture,1.1843551124415614
Australia_NZ,Agriculture,3.423021189008317
Mexico,Agriculture,4.5543776592839675
Russia,Agriculture,1.641619771549688
Brazil,Agriculture,6.438831929466141
South Africa,Agriculture,5.031779338254005
Argentina,Agriculture,4.31065843624659
Indonesia,Agriculture,8.337281177981822
Other,Agriculture,6.952565728478797
USA,Mining,1.700690745764113
EU-15,Mining,0.9348933415785047
EU-27,Mining,1.36541976398126
Europe_Non_EU,Mining,1.8609913028981029
Japan,Mining,1.4070661689259696
China,Mining,2.9671668523442207
India,Mining,5.695289895659199
South Korea,Mining,2.1849041134947766
Canada,Mining,0.3612173194211104
Australia_NZ,Mining,1.4342765358172713
Mexico,Mining,2.361107289562125
Russia,Mining,2.0418317180205574
Brazil,Mining,2.800157603583263
South Africa,Mining,1.0351473918960914
Argentina,Mining,2.2959741896092116
Indonesia,Mining,5.3149940760545356
Other,Mining,2.785651807136046
USA,Consumer Goods,1.1210695777600124
EU-15,Consumer Goods,0.7629821554712682
EU-27,Consumer Goods,1.0922737034032055
Europe_Non_EU,Consumer Goods,1.6037130814490579
Japan,Consumer Goods,0.6199592054495366
China,Consumer Goods,1.950457733596402
India,Consumer Goods,2.8269118463553515
South Korea,Consumer Goods,1.4771046462560635
Canada,Consumer Goods,0.2402840203975575
Australia_NZ,Consumer Goods,1.1151068243061633
Mexico,Consumer Goods,1.4952479594988084
Russia,Consumer Goods,1.8117558174486406
Brazil,Consumer Goods,1.1585229279349267
South Africa,Consumer Goods,0.7593045148636446
Argentina,Consumer Goods,1.7387172039477468
Indonesia,Consumer Goods,1.7251866557689364
Other,Consumer Goods,1.484480309097567
USA,Heavy Industries,1.358231479783136
EU-15,Heavy Industries,1.6668872061649895
EU-27,Heavy Industries,2.0868444416392897
Europe_Non_EU,Heavy Industries,4.218210194581875
Japan,Heavy Industries,1.3092166929390512
China,Heavy Industries,2.025809242206652
India,Heavy Industries,3.002601228337062
South Korea,Heavy Industries,2.6620932062065563
Canada,Heavy Industries,0.4387992912670078
Australia_NZ,Heavy Industries,1.5436836064701884
Mexico,Heavy Industries,1.9331568369039336
Russia,Heavy Industries,1.7766391766948397
Brazil,Heavy Industries,1.4906793485416567
South Africa,Heavy Industries,1.3485390704921723
Argentina,Heavy Industries,1.912093166267387
Indonesia,Heavy Industries,1.9161105282557587
Other,Heavy Industries,2.4587006233457114
USA,Equipment Goods,0.9453435188833796
EU-15,Equipment Goods,0.9032595387451365
EU-27,Equipment Goods,1.1882865647009708
Europe_Non_EU,Equipment Goods,2.148664588688515
Japan,Equipment Goods,0.7181183456041235
China,Equipment Goods,1.5266827479522882
India,Equipment Goods,2.235977429915525
South Korea,Equipment Goods,1.5509482422412206
Canada,Equipment Goods,0.2543089853530499
Australia_NZ,Equipment Goods,1.007752123075398
Mexico,Equipment Goods,1.3034263539040125
Russia,Equipment Goods,1.3813281279713812
Brazil,Equipment Goods,1.0074010559035433
South Africa,Equipment Goods,0.790295991072726
Argentina,Equipment Goods,1.3981185773061433
Indonesia,Equipment Goods,1.393852525895476
Other,Equipment Goods,1.4828527827757416
USA,Electricity production,1.6613021605306746
EU-15,Electricity production,1.7359295848516814
EU-27,Electricity production,2.224502044051233
Europe_Non_EU,Electricity production,4.168723594609709
Japan,Electricity production,1.3137110690443898
China,Electricity production,2.439476624832072
India,Electricity production,3.586486041135413
South Korea,Electricity production,2.7626797749372995
Canada,Electricity production,0.4719916664263426
Australia_NZ,Electricity production,1.797863228259235
Mexico,Electricity production,2.2474611012977053
Russia,Electricity production,2.1654869446283618
Brazil,Electricity production,1.9725940496519527
South Africa,Electricity production,1.7483451006751338
Argentina,Electricity production,2.5082449057265244
Indonesia,Electricity production,2.3120175556185747
Other,Electricity production,2.6370898156165055
USA,Construction,3.417479932306641
EU-15,Construction,1.204338261672319
EU-27,Construction,1.7320086289362298
Europe_Non_EU,Construction,1.5075824982568387
Japan,Construction,3.7415258838945684
China,Construction,4.598159789023426
India,Construction,13.61084440139407
South Korea,Construction,3.1246803630888778
Canada,Construction,0.678850064463367
Australia_NZ,Construction,2.017815687283171
Mexico,Construction,4.486612799219869
Russia,Construction,0.5833509522198801
Brazil,Construction,10.20696425868168
South Africa,Construction,3.8931292974179676
Argentina,Construction,4.307921859809582
Indonesia,Construction,17.93771621214309
Other,Construction,6.3869382933643095
USA,Transport,1.61565882047746
EU-15,Transport,1.0965407134305962
EU-27,Transport,1.5251220188427048
Europe_Non_EU,Transport,2.1281510828500316
Japan,Transport,0.7246191025624871
China,Transport,2.3235840038358724
India,Transport,3.358039501064618
South Korea,Transport,1.7432815791369431
Canada,Transport,0.3332613439004793
Australia_NZ,Transport,1.5738568413901586
Mexico,Transport,1.967053012652616
Russia,Transport,2.11759034352492
Brazil,Transport,2.1826410434253307
South Africa,Transport,1.8529375588389643
Argentina,Transport,2.7570667725685327
Indonesia,Transport,2.201886402155883
Other,Transport,1.8563605937741297
USA,Warehousing,2.313485890223312
EU-15,Warehousing,1.5653686815996566
EU-27,Warehousing,2.106950907594316
Europe_Non_EU,Warehousing,2.7602428949929
Japan,Warehousing,0.77281955525913
China,Warehousing,2.5629379242841095
India,Warehousing,3.6856171554981443
South Korea,Warehousing,1.8917551413519291
Canada,Warehousing,0.45676929633972496
Australia_NZ,Warehousing,2.2015551020096558
Mexico,Warehousing,2.522067604062237
Russia,Warehousing,2.2584076013122947
Brazil,Warehousing,3.9297922196885864
South Africa,Warehousing,3.8428702700453794
Argentina,Warehousing,4.341895902004475
Indonesia,Warehousing,2.7069323007751382
Other,Warehousing,2.214324020649921
USA,Services,0.7785962816764787
EU-15,Services,0.48670324840344076
EU-27,Services,0.6119256375004506
Europe_Non_EU,Services,0.6523202010079768
Japan,Services,0.17062846065670467
China,Services,0.3812566021943935
India,Services,0.7657125292277357
South Korea,Services,0.24557708011273668
Canada,Services,0.14026966018049367
Australia_NZ,Services,0.6651431161495102
Mexico,Services,0.6782051582916596
Russia,Services,0.153573469783137
Brazil,Services,2.004393637346807
South Africa,Services,2.0251818840047093
Argentina,Services,1.653147141114721
Indonesia,Services,1.078980092172943
Other,Services,0.5538581072113348
