Region,Sector,Value
USA,Agriculture,5.678234194321709
EU-15,Agriculture,8.307887645711897
EU-27,Agriculture,9.708782941833785
Europe_Non_EU,Agriculture,21.41085480905661
Japan,Agriculture,7.926675983611385
China,Agriculture,5.596328135762693
India,Agriculture,13.187107764332264
South Korea,Agriculture,11.860828016471846
Canada,Agriculture,2.187705313095885
Australia_NZ,Agriculture,6.00603723729636
Mexico,Agriculture,7.982391507269399
Russia,Agriculture,1.9184517333452213
Brazil,Agriculture,12.004953555403146
South Africa,Agriculture,9.491577874350838
Argentina,Agriculture,7.31154873392614
Indonesia,Agriculture,15.374986720732807
Other,Agriculture,12.786878870066772
USA,Mining,0.9692305431675203
EU-15,Mining,0.21450336281256296
EU-27,Mining,0.36116098498607346
Europe_Non_EU,Mining,0.24274066638130004
Japan,Mining,1.4691360955207409
China,Mining,1.7028321809538753
India,Mining,5.257618497530516
South Korea,Mining,1.1652422147730088
Canada,Mining,0.2011404928949764
Australia_NZ,Mining,0.44933826636015484
Mexico,Mining,1.4782868025844635
Russia,Mining,0.15307454394914838
Brazil,Mining,3.086909533002617
South Africa,Mining,0.42299007357953033
Argentina,Mining,0.819816140145346
Indonesia,Mining,6.88721032264426
Other,Mining,2.350736164026523
USA,Consumer Goods,0.0
EU-15,Consumer Goods,0.0
EU-27,Consumer Goods,0.0
Europe_Non_EU,Consumer Goods,0.0
Japan,Consumer Goods,0.0
China,Consumer Goods,0.0
India,Consumer Goods,0.0
South Korea,Consumer Goods,0.0
Canada,Consumer Goods,0.0
Australia_NZ,Consumer Goods,0.0
Mexico,Consumer Goods,0.0
Russia,Consumer Goods,0.0
Brazil,Consumer Goods,0.0
South Africa,Consumer Goods,0.0
Argentina,Consumer Goods,0.0
Indonesia,Consumer Goods,0.0
Other,Consumer Goods,0.0
USA,Heavy Industries,0.7620559474907057
EU-15,Heavy Industries,2.003636029910335
EU-27,Heavy Industries,2.2694829112439354
Europe_Non_EU,Heavy Industries,5.640600973562488
Japan,Heavy Industries,1.5376328340048182
China,Heavy Industries,0.6513047599837406
India,Heavy Industries,1.0769299884517194
South Korea,Heavy Industries,2.749088724024818
Canada,Heavy Industries,0.4587015009692664
Australia_NZ,Heavy Industries,1.1433553158448875
Mexico,Heavy Industries,1.2595859962312528
Russia,Heavy Industries,0.39476942224434974
Brazil,Heavy Industries,0.9616577089158874
South Africa,Heavy Industries,1.3733511417063207
Argentina,Heavy Industries,0.7930086404224795
Indonesia,Heavy Industries,0.824631729263008
Other,Heavy Industries,2.3294452598869486
USA,Equipment Goods,0.266719581621747
EU-15,Equipment Goods,0.7012726104686172
EU-27,Equipment Goods,0.7943190189353774
Europe_Non_EU,Equipment Goods,1.9742103407468705
Japan,Equipment Goods,0.5381714919016864
China,Equipment Goods,0.22795666599430922
India,Equipment Goods,0.37692549595810176
South Korea,Equipment Goods,0.9621810534086862
Canada,Equipment Goods,0.1605455253392432
Australia_NZ,Equipment Goods,0.4001743605457106
Mexico,Equipment Goods,0.4408550986809384
Russia,Equipment Goods,0.1381692977855224
Brazil,Equipment Goods,0.3365801981205606
South Africa,Equipment Goods,0.4806728995972122
Argentina,Equipment Goods,0.2775530241478678
Indonesia,Equipment Goods,0.28862110524205276
Other,Equipment Goods,0.815305840960432
USA,Electricity production,0.8735634355592499
EU-15,Electricity production,1.8050808263009688
EU-27,Electricity production,2.0628694441331272
Europe_Non_EU,Electricity production,4.8340438474474645
Japan,Electricity production,1.2730856440747265
China,Electricity production,0.6180662986814204
India,Electricity production,0.997420779498307
South Korea,Electricity production,2.2985396070176622
Canada,Electricity production,0.41906908866969617
Australia_NZ,Electricity production,1.1597115484296774
Mexico,Electricity production,1.2284671498296533
Russia,Electricity production,0.37308924096967394
Brazil,Electricity production,1.4143282190694138
South Africa,Electricity production,1.837945875094472
Argentina,Electricity production,1.2181622096086309
Indonesia,Electricity production,0.8552657690677216
Other,Electricity production,2.031247129249626
USA,Construction,6.834959864613282
EU-15,Construction,2.408676523344638
EU-27,Construction,3.4640172578724595
Europe_Non_EU,Construction,3.0151649965136773
Japan,Construction,7.483051767789137
China,Construction,9.196319578046852
India,Construction,27.22168880278814
South Korea,Construction,6.2493607261777555
Canada,Construction,1.357700128926734
Australia_NZ,Construction,4.035631374566342
Mexico,Construction,8.973225598439738
Russia,Construction,1.1667019044397602
Brazil,Construction,20.41392851736336
South Africa,Construction,7.786258594835935
Argentina,Construction,8.615843719619164
Indonesia,Construction,35.87543242428618
Other,Construction,12.773876586728619
USA,Transport,0.697827069745852
EU-15,Transport,0.4688279681690606
EU-27,Transport,0.5818288887516112
Europe_Non_EU,Transport,0.6320918121428687
Japan,Transport,0.048200452696643
China,Transport,0.23935392044823733
India,Transport,0.327577654433526
South Korea,Transport,0.148473562214986
Canada,Transport,0.12350795243924566
Australia_NZ,Transport,0.6276982606194973
Mexico,Transport,0.5550145914096211
Russia,Transport,0.14081725778737467
Brazil,Transport,1.747151176263256
South Africa,Transport,1.9899327112064153
Argentina,Transport,1.584829129435942
Indonesia,Transport,0.505045898619255
Other,Transport,0.35796342687579125
USA,Warehousing,2.093481209237556
EU-15,Warehousing,1.4064839045071815
EU-27,Warehousing,1.7454866662548338
Europe_Non_EU,Warehousing,1.896275436428606
Japan,Warehousing,0.144601358089929
China,Warehousing,0.718061761344712
India,Warehousing,0.982732963300578
South Korea,Warehousing,0.445420686644958
Canada,Warehousing,0.37052385731773696
Australia_NZ,Warehousing,1.883094781858492
Mexico,Warehousing,1.665043774228863
Russia,Warehousing,0.422451773362124
Brazil,Warehousing,5.2414535287897674
South Africa,Warehousing,5.969798133619246
Argentina,Warehousing,4.754487388307826
Indonesia,Warehousing,1.515137695857765
Other,Warehousing,1.0738902806273736
USA,Services,1.5571925633529573
EU-15,Services,0.9734064968068815
EU-27,Services,1.2238512750009012
Europe_Non_EU,Services,1.3046404020159537
Japan,Services,0.34125692131340934
China,Services,0.762513204388787
India,Services,1.5314250584554714
South Korea,Services,0.49115416022547337
Canada,Services,0.28053932036098733
Australia_NZ,Services,1.3302862322990203
Mexico,Services,1.3564103165833192
Russia,Services,0.307146939566274
Brazil,Services,4.008787274693614
South Africa,Services,4.050363768009419
Argentina,Services,3.306294282229442
Indonesia,Services,2.157960184345886
Other,Services,1.1077162144226695
