Region,Sector,Value
USA,Agriculture,0.8444968570696894
EU-15,Agriculture,0.5747511528973773
EU-27,Agriculture,0.8228050496445994
Europe_Non_EU,Agriculture,1.208070117852398
Japan,Agriculture,0.467012584142777
China,Agriculture,1.4692713624078357
India,Agriculture,2.1295004492319034
South Korea,Agriculture,1.1126965320196334
Canada,Agriculture,0.18100491178723765
Australia_NZ,Agriculture,0.8400051407202734
Mexico,Agriculture,1.126363811298537
Russia,Agriculture,1.364787809754155
Brazil,Agriculture,0.872710303529135
South Africa,Agriculture,0.5719808021571711
Argentina,Agriculture,1.309768138567041
Indonesia,Agriculture,1.2995756352308372
Other,Agriculture,1.1182525868908226
USA,Mining,2.4321509483607056
EU-15,Mining,1.6552833203444464
EU-27,Mining,2.3696785429764464
Europe_Non_EU,Mining,3.479241939414906
Japan,Mining,1.3449962423311983
China,Mining,4.231501523734567
India,Mining,6.132961293787882
South Korea,Mining,3.204566012216544
Canada,Mining,0.5212941459472444
Australia_NZ,Mining,2.419214805274388
Mexico,Mining,3.2439277765397865
Russia,Mining,3.9305888920919663
Brazil,Mining,2.5134056741639093
South Africa,Mining,1.6473047102126526
Argentina,Mining,3.7721322390730774
Indonesia,Mining,3.742777829464811
Other,Mining,3.2205674502455692
USA,Consumer Goods,2.2421391555200247
EU-15,Consumer Goods,1.5259643109425365
EU-27,Consumer Goods,2.184547406806411
Europe_Non_EU,Consumer Goods,3.2074261628981158
Japan,Consumer Goods,1.2399184108990733
China,Consumer Goods,3.900915467192804
India,Consumer Goods,5.653823692710703
South Korea,Consumer Goods,2.954209292512127
Canada,Consumer Goods,0.480568040795115
Australia_NZ,Consumer Goods,2.2302136486123265
Mexico,Consumer Goods,2.990495918997617
Russia,Consumer Goods,3.623511634897281
Brazil,Consumer Goods,2.3170458558698535
South Africa,Consumer Goods,1.5186090297272892
Argentina,Consumer Goods,3.4774344078954935
Indonesia,Consumer Goods,3.4503733115378727
Other,Consumer Goods,2.968960618195134
USA,Heavy Industries,1.9544070120755663
EU-15,Heavy Industries,1.3301383824196442
EU-27,Heavy Industries,1.904205972034644
Europe_Non_EU,Heavy Industries,2.7958194156012617
Japan,Heavy Industries,1.0808005518732844
China,Heavy Industries,3.400313724429563
India,Heavy Industries,4.928272468222405
South Korea,Heavy Industries,2.5750976883882943
Canada,Heavy Industries,0.41889708156474925
Australia_NZ,Heavy Industries,1.9440118970954896
Mexico,Heavy Industries,2.6067276775766146
Russia,Heavy Industries,3.1585089311453296
Brazil,Heavy Industries,2.019700988167426
South Africa,Heavy Industries,1.323726999278024
Argentina,Heavy Industries,3.0311776921122946
Indonesia,Heavy Industries,3.0075893272485095
Other,Heavy Industries,2.5879559868044746
USA,Equipment Goods,1.6239674561450121
EU-15,Equipment Goods,1.1052464670216557
EU-27,Equipment Goods,1.5822541104665642
Europe_Non_EU,Equipment Goods,2.3231188366301594
Japan,Equipment Goods,0.8980651993065605
China,Equipment Goods,2.825408829910267
India,Equipment Goods,4.095029363872948
South Korea,Equipment Goods,2.139715431073755
Canada,Equipment Goods,0.34807244536685666
Australia_NZ,Equipment Goods,1.6153298856050855
Mexico,Equipment Goods,2.1659976091270865
Russia,Equipment Goods,2.62448695815724
Brazil,Equipment Goods,1.678221913686526
South Africa,Equipment Goods,1.0999190825482397
Argentina,Equipment Goods,2.5186841304644187
Indonesia,Equipment Goods,2.499083946548899
Other,Equipment Goods,2.1503997245910513
USA,Electricity production,2.4490408855020993
EU-15,Electricity production,1.6667783434023942
EU-27,Electricity production,2.3861346439693385
Europe_Non_EU,Electricity production,3.5034033417719543
Japan,Electricity production,1.3543364940140534
China,Electricity production,4.260886950982723
India,Electricity production,6.1755513027725195
South Korea,Electricity production,3.226819942856937
Canada,Electricity production,0.524914244182989
Australia_NZ,Electricity production,2.4360149080887927
Mexico,Electricity production,3.266455052765757
Russia,Electricity production,3.9578846482870493
Brazil,Electricity production,2.5308598802344915
South Africa,Electricity production,1.6587443262557957
Argentina,Electricity production,3.7983276018444183
Indonesia,Electricity production,3.7687693421694277
Other,Electricity production,3.2429325019833852
USA,Construction,0.0
EU-15,Construction,0.0
EU-27,Construction,0.0
Europe_Non_EU,Construction,0.0
Japan,Construction,0.0
China,Construction,0.0
India,Construction,0.0
South Korea,Construction,0.0
Canada,Construction,0.0
Australia_NZ,Construction,0.0
Mexico,Construction,0.0
Russia,Construction,0.0
Brazil,Construction,0.0
South Africa,Construction,0.0
Argentina,Construction,0.0
Indonesia,Construction,0.0
Other,Construction,0.0
USA,Transport,2.533490571209068
EU-15,Transport,1.7242534586921319
EU-27,Transport,2.4684151489337984
Europe_Non_EU,Transport,3.6242103535571943
Japan,Transport,1.401037752428331
China,Transport,4.407814087223508
India,Transport,6.38850134769571
South Korea,Transport,3.3380895960589
Canada,Transport,0.543014735361713
Australia_NZ,Transport,2.52001542216082
Mexico,Transport,3.379091433895611
Russia,Transport,4.094363429262465
Brazil,Transport,2.6181309105874053
South Africa,Transport,1.715942406471513
Argentina,Transport,3.929304415701123
Indonesia,Transport,3.898726905692511
Other,Transport,3.354757760672468
USA,Warehousing,2.533490571209068
EU-15,Warehousing,1.7242534586921319
EU-27,Warehousing,2.4684151489337984
Europe_Non_EU,Warehousing,3.6242103535571943
Japan,Warehousing,1.401037752428331
China,Warehousing,4.407814087223507
India,Warehousing,6.38850134769571
South Korea,Warehousing,3.3380895960589
Canada,Warehousing,0.543014735361713
Australia_NZ,Warehousing,2.52001542216082
Mexico,Warehousing,3.379091433895611
Russia,Warehousing,4.094363429262465
Brazil,Warehousing,2.6181309105874053
South Africa,Warehousing,1.715942406471513
Argentina,Warehousing,3.929304415701123
Indonesia,Warehousing,3.898726905692511
Other,Warehousing,3.354757760672468
USA,Services,0.0
EU-15,Services,0.0
EU-27,Services,0.0
Europe_Non_EU,Services,0.0
Japan,Services,0.0
China,Services,0.0
India,Services,0.0
South Korea,Services,0.0
Canada,Services,0.0
Australia_NZ,Services,0.0
Mexico,Services,0.0
Russia,Services,0.0
Brazil,Services,0.0
South Africa,Services,0.0
Argentina,Services,0.0
Indonesia,Services,0.0
Other,Services,0.0
