Region,Sector,Eq9_Ctilde
USA,Supply,15.2825243247354
EU-15,Supply,7.024928653349027
Europe_Non_EU,Supply,4.204057026665036
Japan,Supply,69.36099431689863
China,Supply,21.40400677531086
India,Supply,108.78774640607944
South Korea,Supply,49.067526868500465
Canada,Supply,6.983912053701058
Australia_NZ,Supply,16.685229631015485
Taiwan,Supply,23.509348101118903
Mexico,Supply,60.728530512574146
Russia,Supply,118.25907757896027
Brazil,Supply,498.4792131549331
South Africa,Supply,21.64129669861315
Argentina,Supply,106.2682637998273
USA,Other Energy Supply,22.78161155068049
EU-15,Other Energy Supply,11.640042357702557
Europe_Non_EU,Other Energy Supply,4.3999812019191555
Japan,Other Energy Supply,268.7734081869421
China,Other Energy Supply,30.86629539454264
India,Other Energy Supply,121.93949612709729
South Korea,Other Energy Supply,97.84043873637667
Canada,Other Energy Supply,6.38291289590852
Australia_NZ,Other Energy Supply,36.04684736265829
Taiwan,Other Energy Supply,30.371197692967083
Mexico,Other Energy Supply,40.66852860603163
Russia,Other Energy Supply,117.00224376820617
Brazil,Other Energy Supply,762.8356924085954
South Africa,Other Energy Supply,29.69649287612226
Argentina,Other Energy Supply,149.40109068125247
USA,Electricity,13.323920724289854
EU-15,Electricity,5.493687707046992
Europe_Non_EU,Electricity,4.169330686660986
Japan,Electricity,60.38044954999743
China,Electricity,18.592328717502532
India,Electricity,106.99595746295324
South Korea,Electricity,42.22181404151958
Canada,Electricity,7.6949761832818675
Australia_NZ,Electricity,11.705711977717051
Taiwan,Electricity,23.149775392487648
Mexico,Electricity,72.77565215165514
Russia,Electricity,120.69690443989789
Brazil,Electricity,365.4650535855559
South Africa,Electricity,19.340458434174533
Argentina,Electricity,76.95691621424537
USA,Industry,9.413604384770641
EU-15,Industry,3.361880379709157
Europe_Non_EU,Industry,3.295338553587185
Japan,Industry,40.416307564053795
China,Industry,16.980744992621105
India,Industry,100.15880655555486
South Korea,Industry,50.44339921548113
Canada,Industry,3.4989949720158116
Australia_NZ,Industry,9.498897511324996
Taiwan,Industry,18.96482629700192
Mexico,Industry,45.442669552834154
Russia,Industry,68.72886119961827
Brazil,Industry,259.3962885981283
South Africa,Industry,22.251711545764657
Argentina,Industry,70.98958137768935
USA,Other Industry,8.909522001505552
EU-15,Other Industry,3.1675212261084784
Europe_Non_EU,Other Industry,3.585855104822518
Japan,Other Industry,38.84746862201882
China,Other Industry,19.622156524733565
India,Other Industry,105.11423323112332
South Korea,Other Industry,46.83932669641757
Canada,Other Industry,3.177730588604886
Australia_NZ,Other Industry,9.464358683053034
Taiwan,Other Industry,19.23725344626461
Mexico,Other Industry,42.345217512809306
Russia,Other Industry,60.28136595627464
Brazil,Other Industry,242.90982062358995
South Africa,Other Industry,22.763519549401902
Argentina,Other Industry,59.0283895515705
USA,Chemicals,12.623098328513388
EU-15,Chemicals,5.576361027265576
Europe_Non_EU,Chemicals,2.689493400889687
Japan,Chemicals,46.42744377750884
China,Chemicals,18.782012617106606
India,Chemicals,56.34883306396925
South Korea,Chemicals,257.2087387037138
Canada,Chemicals,6.878618059491626
Australia_NZ,Chemicals,20.423503589101262
Taiwan,Chemicals,43.76603545965447
Mexico,Chemicals,41.92339971929374
Russia,Chemicals,80.18698657916055
Brazil,Chemicals,806.6465415806047
South Africa,Chemicals,28.221940894354738
Argentina,Chemicals,214.85553765441884
USA,Cement,9.394952050864612
EU-15,Cement,3.493405528832511
Europe_Non_EU,Cement,3.1538325428219167
Japan,Cement,56.3668254965336
China,Cement,15.96450570684568
India,Cement,94.74094196894413
South Korea,Cement,45.58450609803097
Canada,Cement,3.9109778631822807
Australia_NZ,Cement,9.982360944932163
Taiwan,Cement,19.713893900922972
Mexico,Cement,58.316907595445606
Russia,Cement,101.76841466068726
Brazil,Cement,224.78167907278484
South Africa,Cement,21.831199507591474
Argentina,Cement,70.26818000017794
USA,Transportation,6.881708305038444
EU-15,Transportation,2.163328468045596
Europe_Non_EU,Transportation,1.8755036100337077
Japan,Transportation,21.34820344297538
China,Transportation,13.539078810219374
India,Transportation,80.72481417528925
South Korea,Transportation,24.995153248954896
Canada,Transportation,2.2584751856522907
Australia_NZ,Transportation,7.524821485742792
Taiwan,Transportation,12.841067632518431
Mexico,Transportation,41.03799171780607
Russia,Transportation,67.88172768620643
Brazil,Transportation,163.69652244467645
South Africa,Transportation,19.103062568151543
Argentina,Transportation,53.40251615846856
USA,AFOLU,12.706779098544308
EU-15,AFOLU,0.6325075140320319
Europe_Non_EU,AFOLU,0.14707031671676213
Japan,AFOLU,0.0
China,AFOLU,0.0
India,AFOLU,17.165794065879645
South Korea,AFOLU,
Canada,AFOLU,11.011192945880039
Australia_NZ,AFOLU,16.701479587621556
Taiwan,AFOLU,
Mexico,AFOLU,20.621079516254973
Russia,AFOLU,
Brazil,AFOLU,178.11018383092008
South Africa,AFOLU,12.652255640249873
Argentina,AFOLU,29.371992342005342
USA,Other,1.9549141595684316
EU-15,Other,2.113831819931585
Europe_Non_EU,Other,2.819702497917701
Japan,Other,31.20971320667414
China,Other,12.058811621673717
India,Other,78.77102176271777
South Korea,Other,36.613105162674415
Canada,Other,2.9294835313370737
Australia_NZ,Other,7.598520089606418
Taiwan,Other,13.615486697261593
Mexico,Other,44.80629296321924
Russia,Other,64.87714147677745
Brazil,Other,117.2201084612226
South Africa,Other,10.853550841552465
Argentina,Other,31.864861774421783
