Region,Sector,Value
USA,Supply,1.905794948660191
EU-15,Supply,6.640147502478097
Europe_Non_EU,Supply,1.367337317073107
Japan,Supply,1.2350946138569614
China,Supply,1.1540175262882322
India,Supply,1.457560110547237
South Korea,Supply,1.092641515333437
Canada,Supply,7.891549616943521
Australia_NZ,Supply,3.5404625119223176
Taiwan,Supply,1.0003629791165045
Mexico,Supply,1.007454134838169
Russia,Supply,1.0801673951688344
Brazil,Supply,
South Africa,Supply,1.1341936149834364
Argentina,Supply,2.857150155152207
USA,Other Energy Supply,2.698365484921093
EU-15,Other Energy Supply,
Europe_Non_EU,Other Energy Supply,1.0612223306990176
Japan,Other Energy Supply,
China,Other Energy Supply,1.6309189614807784
India,Other Energy Supply,1.2332710566743945
South Korea,Other Energy Supply,1.9494140555487984
Canada,Other Energy Supply,2.2034003508822866
Australia_NZ,Other Energy Supply,
Taiwan,Other Energy Supply,0.8726214993811352
Mexico,Other Energy Supply,0.48985104703165966
Russia,Other Energy Supply,0.92081283588765
Brazil,Other Energy Supply,
South Africa,Other Energy Supply,1.2281184051930434
Argentina,Other Energy Supply,13.128960319680768
USA,Electricity,1.750026326776792
EU-15,Electricity,3.709389923574515
Europe_Non_EU,Electricity,1.4320853854099287
Japan,Electricity,1.0513913276945983
China,Electricity,1.0378331342475398
India,Electricity,1.49359922924007
South Korea,Electricity,1.0079148757276164
Canada,Electricity,
Australia_NZ,Electricity,1.7435683885832718
Taiwan,Electricity,1.0079877858406578
Mexico,Electricity,1.5091005137965428
Russia,Electricity,1.4887963076715318
Brazil,Electricity,6.230880573364299
South Africa,Electricity,1.1090378078401124
Argentina,Electricity,1.5776383177389277
USA,Steel,0.2067267414598974
EU-15,Steel,0.41162753567256943
Europe_Non_EU,Steel,0.669450983924717
Japan,Steel,0.42025137100937954
China,Steel,0.5854954826377942
India,Steel,1.2654781064762535
South Korea,Steel,0.8364569331782544
Canada,Steel,0.707818537591961
Australia_NZ,Steel,0.3710585642091359
Taiwan,Steel,0.5221262254744754
Mexico,Steel,0.7235618889697205
Russia,Steel,0.47744681563094477
Brazil,Steel,1.3796442803545443
South Africa,Steel,0.48015847290725006
Argentina,Steel,0.9209097229136234
USA,Cement,0.4904321443520156
EU-15,Cement,0.5722302405831761
Europe_Non_EU,Cement,0.6372490735996132
Japan,Cement,0.6564977012257625
China,Cement,0.6232398685227242
India,Cement,0.8666771723402497
South Korea,Cement,0.7978549663057213
Canada,Cement,0.7821955842441854
Australia_NZ,Cement,0.6602935964455731
Taiwan,Cement,0.6371589477121088
Mexico,Cement,0.8167519832833787
Russia,Cement,0.7159185213573052
Brazil,Cement,1.2233667455116481
South Africa,Cement,0.5223665173676775
Argentina,Cement,1.000508496802479
USA,Chemicals,0.6776884631902362
EU-15,Chemicals,1.2131492586450439
Europe_Non_EU,Chemicals,0.45507112474783434
Japan,Chemicals,0.3867632376508465
China,Chemicals,0.5486289471726256
India,Chemicals,0.37151836681869516
South Korea,Chemicals,
Canada,Chemicals,2.1701801417055915
Australia_NZ,Chemicals,3.0742960886539756
Taiwan,Chemicals,3.83143791791966
Mexico,Chemicals,0.4399316783054405
Russia,Chemicals,0.49047752880435674
Brazil,Chemicals,
South Africa,Chemicals,0.6152656617687753
Argentina,Chemicals,
USA,Other Industry,0.3994741546403486
EU-15,Other Industry,0.4642540110660566
Europe_Non_EU,Other Industry,0.6392376466144544
Japan,Other Industry,0.32388767998005125
China,Other Industry,0.6896859278966122
India,Other Industry,0.8384799438491953
South Korea,Other Industry,0.6842450779982651
Canada,Other Industry,0.5021159600244866
Australia_NZ,Other Industry,0.5238936139125465
Taiwan,Other Industry,0.5374967692431726
Mexico,Other Industry,0.6109981425363247
Russia,Other Industry,0.3295166688265696
Brazil,Other Industry,1.0963888945473834
South Africa,Other Industry,0.5643417172154076
Argentina,Other Industry,0.5854237647044843
USA,Industry,0.4393517993942114
EU-15,Industry,0.5372735769752611
Europe_Non_EU,Industry,0.6272965555057403
Japan,Industry,0.4133271965151336
China,Industry,0.6249761967367915
India,Industry,0.8867125998148988
South Korea,Industry,0.8883836904538481
Canada,Industry,0.5903597766562938
Australia_NZ,Industry,0.5492563885516135
Taiwan,Industry,0.562138841065369
Mexico,Industry,0.6373551821291608
Russia,Industry,0.42632529134884256
Brazil,Industry,1.4942589294834103
South Africa,Industry,0.5533865500857515
Argentina,Industry,0.8030598086943213
USA,Transportation,0.30467152559260124
EU-15,Transportation,0.24906050330720308
Europe_Non_EU,Transportation,0.2565058627820812
Japan,Transportation,0.14678248310427106
China,Transportation,0.27946131572740784
India,Transportation,0.6376081685101214
South Korea,Transportation,0.2481947998252522
Canada,Transportation,0.2856585648936901
Australia_NZ,Transportation,0.35674409514000827
Taiwan,Transportation,0.3319437520566583
Mexico,Transportation,0.4421246603893112
Russia,Transportation,0.34336756428388054
Brazil,Transportation,0.6094781210307867
South Africa,Transportation,0.4256943633173987
Argentina,Transportation,0.5544386195973114
USA,AFOLU,0.8973154317318998
EU-15,AFOLU,0.04874802477776144
Europe_Non_EU,AFOLU,0.02968481321601782
Japan,AFOLU,4.330069268172727e-07
China,AFOLU,1.2784896029141492e-07
India,AFOLU,0.10637542696240698
South Korea,AFOLU,2.1606757968624496e-06
Canada,AFOLU,
Australia_NZ,AFOLU,2.7968572817923136
Taiwan,AFOLU,
Mexico,AFOLU,0.2433026596016127
Russia,AFOLU,
Brazil,AFOLU,1.0887666149422797
South Africa,AFOLU,0.29667024728826563
Argentina,AFOLU,0.330722771004516
USA,Other,0.04814577806254955
EU-15,Other,0.42074439513953127
Europe_Non_EU,Other,0.6751024643564766
Japan,Other,0.2375324001814018
China,Other,0.20551908106916572
India,Other,0.22772245512801298
South Korea,Other,0.1710076988283956
Canada,Other,0.6960873483155385
Australia_NZ,Other,0.7395241661370716
Taiwan,Other,0.24905162568784742
Mexico,Other,0.6715088977832674
Russia,Other,0.5529080714277863
Brazil,Other,0.28256569471621334
South Africa,Other,0.22086900735811313
Argentina,Other,0.2961918145696553
