Region,Sector,Eq9_Ctilde
USA,Supply,20.103548572942227
EU-15,Supply,9.174205620365278
Europe_Non_EU,Supply,5.205626662970192
Japan,Supply,90.2304321746977
China,Supply,27.69406647672416
India,Supply,131.90528869028913
South Korea,Supply,63.493585451045455
Canada,Supply,8.7240618682573
Australia_NZ,Supply,21.60471629501603
Taiwan,Supply,29.579153509374976
Mexico,Supply,75.87532154430126
Russia,Supply,148.3145918406925
Brazil,Supply,606.1263158418791
South Africa,Supply,28.930464172754817
Argentina,Supply,136.0794587503952
USA,Other Energy Supply,30.650249253036648
EU-15,Other Energy Supply,15.41731696482357
Europe_Non_EU,Other Energy Supply,5.517727347834552
Japan,Other Energy Supply,337.9321834809143
China,Other Energy Supply,38.878739264765784
India,Other Energy Supply,143.9984674042969
South Korea,Other Energy Supply,129.70996010141116
Canada,Other Energy Supply,8.206074754317354
Australia_NZ,Other Energy Supply,46.64775395640289
Taiwan,Other Energy Supply,37.83073477185274
Mexico,Other Energy Supply,52.701742649814044
Russia,Other Energy Supply,147.21300731892939
Brazil,Other Energy Supply,954.441043695473
South Africa,Other Energy Supply,40.71827276875798
Argentina,Other Energy Supply,192.88607819151233
USA,Electricity,17.315941070496493
EU-15,Electricity,7.070928849091482
Europe_Non_EU,Electricity,5.149678881455096
Japan,Electricity,78.16144990789863
China,Electricity,24.176184263538996
India,Electricity,130.16499831893452
South Korea,Electricity,53.87501893963079
Canada,Electricity,9.337109241080082
Australia_NZ,Electricity,14.963724608957385
Taiwan,Electricity,29.119826040018218
Mexico,Electricity,89.21110941539182
Russia,Electricity,150.49469989050527
Brazil,Electricity,435.791704919617
South Africa,Electricity,25.595086384654394
Argentina,Electricity,97.2926101912908
USA,Industry,12.711557297334053
EU-15,Industry,4.545376475221507
Europe_Non_EU,Industry,4.1561049677583775
Japan,Industry,54.7336146529043
China,Industry,22.194181476305992
India,Industry,120.1472422501346
South Korea,Industry,65.45244558434341
Canada,Industry,4.566906538171812
Australia_NZ,Industry,12.613868826966758
Taiwan,Industry,25.05393208586649
Mexico,Industry,57.81271998944572
Russia,Industry,89.97199135299849
Brazil,Industry,333.1612245614471
South Africa,Industry,29.72745998407467
Argentina,Industry,92.00419240799896
USA,Other Industry,11.868600333863489
EU-15,Other Industry,4.232773753247442
Europe_Non_EU,Other Industry,4.426185330853752
Japan,Other Industry,51.69944599664339
China,Other Industry,24.995450035397027
India,Other Industry,124.01808879698797
South Korea,Other Industry,59.80480034793429
Canada,Other Industry,4.1304828667541456
Australia_NZ,Other Industry,12.528310892030351
Taiwan,Other Industry,25.14661571320067
Mexico,Other Industry,54.11441190011473
Russia,Other Industry,78.81805529739145
Brazil,Other Industry,312.4907239698958
South Africa,Other Industry,30.325543841201867
Argentina,Other Industry,76.40956211028681
USA,Chemicals,17.68862743475982
EU-15,Chemicals,7.863171942742561
Europe_Non_EU,Chemicals,3.477510408575852
Japan,Chemicals,65.32884046561394
China,Chemicals,25.05694919081506
India,Chemicals,70.8027502985844
South Korea,Chemicals,363.28367710480495
Canada,Chemicals,9.206184488838113
Australia_NZ,Chemicals,27.40994489846408
Taiwan,Chemicals,78.2298446564598
Mexico,Chemicals,54.099664584868904
Russia,Chemicals,101.66140848972354
Brazil,Chemicals,1102.3794341209768
South Africa,Chemicals,37.003079488520385
Argentina,Chemicals,280.76133041847885
USA,Cement,12.213179613203629
EU-15,Cement,4.5810560636227615
Europe_Non_EU,Cement,4.014552964473444
Japan,Cement,71.07581113167728
China,Cement,20.797390663549617
India,Cement,113.53812363945204
South Korea,Cement,58.056844774948985
Canada,Cement,4.942581653961215
Australia_NZ,Cement,12.819550954616183
Taiwan,Cement,25.091486691180997
Mexico,Cement,72.18104381846116
Russia,Cement,126.9209844631236
Brazil,Cement,280.4574214580679
South Africa,Cement,28.38170646413288
Argentina,Cement,88.98565081615156
USA,Transportation,9.4035859485074
EU-15,Transportation,2.9554091513537
Europe_Non_EU,Transportation,2.463039275483431
Japan,Transportation,29.70427093672281
China,Transportation,17.856212867921933
India,Transportation,100.72123206291279
South Korea,Transportation,33.263848386969904
Canada,Transportation,3.039617629363806
Australia_NZ,Transportation,10.09359064725654
Taiwan,Transportation,16.93723204172285
Mexico,Transportation,53.50025965202735
Russia,Transportation,89.68719848501281
Brazil,Transportation,216.31574134737122
South Africa,Transportation,25.642531327680327
Argentina,Transportation,70.56932619965124
USA,AFOLU,15.911986532300746
EU-15,AFOLU,0.8147348926183268
Europe_Non_EU,AFOLU,0.15396883228395486
Japan,AFOLU,0.0
China,AFOLU,0.0
India,AFOLU,21.01989964425681
South Korea,AFOLU,
Canada,AFOLU,14.248780600916879
Australia_NZ,AFOLU,21.10943464837178
Taiwan,AFOLU,718.1115552371365
Mexico,AFOLU,25.677453654586156
Russia,AFOLU,
Brazil,AFOLU,234.82086561926974
South Africa,AFOLU,16.6924014609052
Argentina,AFOLU,37.374198813265025
USA,Other,2.5946458051350594
EU-15,Other,2.8355868991937747
Europe_Non_EU,Other,3.578777169853824
Japan,Other,42.73099598421542
China,Other,16.134051732775163
India,Other,97.14184745518192
South Korea,Other,47.495273653356996
Canada,Other,3.71546328925263
Australia_NZ,Other,9.79460300116959
Taiwan,Other,18.168437758178236
Mexico,Other,56.11727188223669
Russia,Other,86.6525167376818
Brazil,Other,149.06846009204438
South Africa,Other,14.606213619137074
Argentina,Other,40.7473700928034
