Region,Sector,Eq9_Ctilde
USA,Supply,0.5121779846833745
EU-15,Supply,0.18147715643511472
Europe_Non_EU,Supply,0.34276853797492307
Japan,Supply,2.5915999581245517
China,Supply,0.8195229114950054
India,Supply,8.698811317627136
South Korea,Supply,3.946532453791336
Canada,Supply,0.7048738188290972
Australia_NZ,Supply,0.7620500485200892
Taiwan,Supply,1.799779431135328
Mexico,Supply,3.0370341785691326
Russia,Supply,7.112455390810821
Brazil,Supply,12.060494971931384
South Africa,Supply,0.3037441045714511
Argentina,Supply,2.3675456288167016
USA,Other Energy Supply,0.18480439381838096
EU-15,Other Energy Supply,0.026409425155547773
Europe_Non_EU,Other Energy Supply,0.12185764039906438
Japan,Other Energy Supply,1.3483701677010855
China,Other Energy Supply,1.070943696473528
India,Other Energy Supply,5.539012195023054
South Korea,Other Energy Supply,0.9870327500142908
Canada,Other Energy Supply,0.2817359609406581
Australia_NZ,Other Energy Supply,0.27595268906332376
Taiwan,Other Energy Supply,0.541599517641261
Mexico,Other Energy Supply,1.3586004599917756
Russia,Other Energy Supply,5.309181598060526
Brazil,Other Energy Supply,3.278909049106517
South Africa,Other Energy Supply,0.15857471892515654
Argentina,Other Energy Supply,1.5124641697823535
USA,Electricity,0.5959649507499309
EU-15,Electricity,0.23127569016025454
Europe_Non_EU,Electricity,0.38005451654124667
Japan,Electricity,2.6318967411932324
China,Electricity,0.7618725999296043
India,Electricity,9.01525285464046
South Korea,Electricity,4.304828116079366
Canada,Electricity,1.2011781680299969
Australia_NZ,Electricity,0.8743769841844738
Taiwan,Electricity,1.852099394417466
Mexico,Electricity,4.241064200806514
Russia,Electricity,10.406995664659052
Brazil,Electricity,17.456260291933877
South Africa,Electricity,0.3465907977480847
Argentina,Electricity,2.933658523065954
USA,Industry,0.08542782995986181
EU-15,Industry,0.042356342797179786
Europe_Non_EU,Industry,0.0915264839209043
Japan,Industry,0.6193203955264378
China,Industry,0.5251699919728428
India,Industry,4.777706939579702
South Korea,Industry,2.3277478582058406
Canada,Industry,0.12099850170211218
Australia_NZ,Industry,0.13386773504345573
Taiwan,Industry,0.432405931233878
Mexico,Industry,3.076101401203727
Russia,Industry,2.613916432222335
Brazil,Industry,4.883418870185621
South Africa,Industry,0.04916766565280541
Argentina,Industry,0.9752622487394533
USA,Other Industry,0.075762292612016
EU-15,Other Industry,0.03656160075781384
Europe_Non_EU,Other Industry,0.08146752153940924
Japan,Other Industry,0.39292176237893
China,Other Industry,0.5878497357204449
India,Other Industry,3.735787243064657
South Korea,Other Industry,1.6623894770559002
Canada,Other Industry,0.09918706244387927
Australia_NZ,Other Industry,0.11544800253841858
Taiwan,Other Industry,0.24417328230007093
Mexico,Other Industry,3.5633250435659027
Russia,Other Industry,1.649333894798699
Brazil,Other Industry,2.65566355171076
South Africa,Other Industry,0.035738089775585145
Argentina,Other Industry,0.7041318101482742
USA,Chemicals,0.11167047039440701
EU-15,Chemicals,0.04333663834030764
Europe_Non_EU,Chemicals,0.0326137345671516
Japan,Chemicals,0.13958146136666505
China,Chemicals,0.19408911393752837
India,Chemicals,1.743805769587956
South Korea,Chemicals,3.4005298523671463
Canada,Chemicals,0.18999718237288046
Australia_NZ,Chemicals,0.24590279265781254
Taiwan,Chemicals,0.14497917986673542
Mexico,Chemicals,0.43120424309279487
Russia,Chemicals,3.0603989486504535
Brazil,Chemicals,4.611350490602221
South Africa,Chemicals,0.02680649103594833
Argentina,Chemicals,2.009651942602093
USA,Cement,0.17896785708256688
EU-15,Cement,0.04597790932296652
Europe_Non_EU,Cement,0.1080804597440921
Japan,Cement,1.1176152924390608
China,Cement,0.6534037129095203
India,Cement,5.1884195231701415
South Korea,Cement,2.996247095552631
Canada,Cement,0.19034816250731282
Australia_NZ,Cement,0.24714360050993187
Taiwan,Cement,0.9642282084226431
Mexico,Cement,1.9819013653091202
Russia,Cement,4.045645064597284
Brazil,Cement,5.9322544368392744
South Africa,Cement,0.07798975004298324
Argentina,Cement,1.864992513130622
USA,Transportation,0.07811162521037676
EU-15,Transportation,0.01662478224148066
Europe_Non_EU,Transportation,0.03935679294608873
Japan,Transportation,0.1392125218171207
China,Transportation,0.1496936298669177
India,Transportation,2.48359794791629
South Korea,Transportation,0.6801603239240767
Canada,Transportation,0.05590231213209523
Australia_NZ,Transportation,0.06589460015858786
Taiwan,Transportation,0.45599932169279145
Mexico,Transportation,0.9343259803782936
Russia,Transportation,1.6172000822577155
Brazil,Transportation,2.333446263597436
South Africa,Transportation,0.03123328839645846
Argentina,Transportation,0.6447005669906604
USA,AFOLU,0.5619668058872946
EU-15,AFOLU,0.003962362071503975
Europe_Non_EU,AFOLU,0.0309181974816452
Japan,AFOLU,0.0
China,AFOLU,0.0
India,AFOLU,0.9479372526597665
South Korea,AFOLU,
Canada,AFOLU,0.77470591466672
Australia_NZ,AFOLU,0.8248968856139675
Taiwan,AFOLU,
Mexico,AFOLU,2.035975333498974
Russia,AFOLU,
Brazil,AFOLU,7.995220476363008
South Africa,AFOLU,0.08148411264434657
Argentina,AFOLU,1.3068332144093302
USA,Other,0.027074596373655613
EU-15,Other,0.06965032628735793
Europe_Non_EU,Other,0.20871520868420462
Japan,Other,0.9136861824362625
China,Other,0.4774611509822695
India,Other,4.926409295681418
South Korea,Other,2.393252489084149
Canada,Other,0.40221268466709825
Australia_NZ,Other,0.5977027568487506
Taiwan,Other,0.6960493053284514
Mexico,Other,3.6884038328523303
Russia,Other,4.724503940678764
Brazil,Other,6.9863046467357
South Africa,Other,0.10751681646862533
Argentina,Other,1.7424213736444114
