Region,Sector,Eq9_Ctilde
USA,Supply,0.45615821940669316
EU-15,Supply,0.16212606574975857
Europe_Non_EU,Supply,0.3100371006762984
Japan,Supply,2.3337732935676163
China,Supply,0.742912825279964
India,Supply,7.903093642665143
South Korea,Supply,3.568702942864417
Canada,Supply,0.6348287503691424
Australia_NZ,Supply,0.6784205622301244
Taiwan,Supply,1.6211645868704534
Mexico,Supply,2.7450696949255233
Russia,Supply,6.399182355449539
Brazil,Supply,11.018894093012058
South Africa,Supply,0.2720764637246765
Argentina,Supply,2.146053959386572
USA,Other Energy Supply,0.1653935881522982
EU-15,Other Energy Supply,0.02399776077240834
Europe_Non_EU,Other Energy Supply,0.11023412057695031
Japan,Other Energy Supply,1.233271655287069
China,Other Energy Supply,0.982291773397504
India,Other Energy Supply,5.088619832865291
South Korea,Other Energy Supply,0.8936642041824573
Canada,Other Energy Supply,0.2536151928051698
Australia_NZ,Other Energy Supply,0.24733646218739977
Taiwan,Other Energy Supply,0.49077730910474254
Mexico,Other Energy Supply,1.2265333778911305
Russia,Other Energy Supply,4.786777285307229
Brazil,Other Energy Supply,2.9662391406812363
South Africa,Other Energy Supply,0.1416437277546533
Argentina,Other Energy Supply,1.370499635046176
USA,Electricity,0.5301147385788778
EU-15,Electricity,0.2061310892304046
Europe_Non_EU,Electricity,0.34377599958330973
Japan,Electricity,2.3691361630617456
China,Electricity,0.6888107064605946
India,Electricity,8.181435826377127
South Korea,Electricity,3.892005326538322
Canada,Electricity,1.0840112776412194
Australia_NZ,Electricity,0.7771821678460996
Taiwan,Electricity,1.6681052317516643
Mexico,Electricity,3.838853385395367
Russia,Electricity,9.326441093280295
Brazil,Electricity,16.04775411781238
South Africa,Electricity,0.3106450821017482
Argentina,Electricity,2.6607244847601925
USA,Industry,0.07683695724079742
EU-15,Industry,0.03828332534086439
Europe_Non_EU,Industry,0.08288015677276755
Japan,Industry,0.555514417095715
China,Industry,0.4759802231678175
India,Industry,4.367415220985908
South Korea,Industry,2.10056191105353
Canada,Industry,0.10929725452016072
Australia_NZ,Industry,0.12055387470608195
Taiwan,Industry,0.3887875905628809
Mexico,Industry,2.778824982212876
Russia,Industry,2.3475301999473084
Brazil,Industry,4.4221476424150294
South Africa,Industry,0.04431959305264709
Argentina,Industry,0.88501494853366
USA,Other Industry,0.06831271193911027
EU-15,Other Industry,0.03313616073896463
Europe_Non_EU,Other Industry,0.07422985295192921
Japan,Other Industry,0.3553053605038508
China,Other Industry,0.5370699088434279
India,Other Industry,3.4495167731263496
South Korea,Other Industry,1.5066034807706952
Canada,Other Industry,0.08963575248408191
Australia_NZ,Other Industry,0.10411464037435389
Taiwan,Other Industry,0.22080785492850372
Mexico,Other Industry,3.2158160576147443
Russia,Other Industry,1.4887773773592206
Brazil,Other Industry,2.403860586064517
South Africa,Other Industry,0.03225831762295668
Argentina,Other Industry,0.6404951687955271
USA,Chemicals,0.10067772287952789
EU-15,Chemicals,0.039285177826484316
Europe_Non_EU,Chemicals,0.029522673419682142
Japan,Chemicals,0.1258191684238953
China,Chemicals,0.1761291577852112
India,Chemicals,1.5843974430576193
South Korea,Chemicals,3.095946928923594
Canada,Chemicals,0.17206314842635703
Australia_NZ,Chemicals,0.22189462363906737
Taiwan,Chemicals,0.13101809004947787
Mexico,Chemicals,0.39066605847086705
Russia,Chemicals,2.7702461100506355
Brazil,Chemicals,4.183366773859557
South Africa,Chemicals,0.024278482386633226
Argentina,Chemicals,1.8265863476525488
USA,Cement,0.16098032067515983
EU-15,Cement,0.04167117177882387
Europe_Non_EU,Cement,0.09754676361112226
Japan,Cement,1.0129006876748088
China,Cement,0.5904035116926349
India,Cement,4.756026533058549
South Korea,Cement,2.7161644227062975
Canada,Cement,0.17237482852769234
Australia_NZ,Cement,0.22226864020118262
Taiwan,Cement,0.8670066514197597
Mexico,Cement,1.7973265152762286
Russia,Cement,3.6544131724434985
Brazil,Cement,5.382994756924471
South Africa,Cement,0.07058462815862704
Argentina,Cement,1.6967734781868762
USA,Transportation,0.07001401779889958
EU-15,Transportation,0.015027493527131307
Europe_Non_EU,Transportation,0.03559919042681405
Japan,Transportation,0.12523588655932705
China,Transportation,0.13603367282557818
India,Transportation,2.2646195089342367
South Korea,Transportation,0.6142976141684457
Canada,Transportation,0.050329785647980324
Australia_NZ,Transportation,0.05940953685985395
Taiwan,Transportation,0.4111056649879303
Mexico,Transportation,0.843064546406588
Russia,Transportation,1.4573042295665337
Brazil,Transportation,2.1024487589095386
South Africa,Transportation,0.028177783182659368
Argentina,Transportation,0.583282475658892
USA,AFOLU,0.5106245558401932
EU-15,AFOLU,0.00398504813464575
Europe_Non_EU,AFOLU,0.02834219060338225
Japan,AFOLU,0.0
China,AFOLU,0.0
India,AFOLU,0.8587949423315056
South Korea,AFOLU,
Canada,AFOLU,0.7009686679366466
Australia_NZ,AFOLU,0.7464650165392729
Taiwan,AFOLU,
Mexico,AFOLU,1.8437292914307077
Russia,AFOLU,
Brazil,AFOLU,7.2072308041838955
South Africa,AFOLU,0.07400453576324374
Argentina,AFOLU,1.1857559908906035
USA,Other,0.02426800167625571
EU-15,Other,0.06244409405175289
Europe_Non_EU,Other,0.18743900601496574
Japan,Other,0.8118356934702723
China,Other,0.42973632110914056
India,Other,4.450626206929503
South Korea,Other,2.1476835662512808
Canada,Other,0.3611692217750767
Australia_NZ,Other,0.53347615161469
Taiwan,Other,0.6198391856603498
Mexico,Other,3.3186905859649576
Russia,Other,4.198115511749747
Brazil,Other,6.317338612664611
South Africa,Other,0.09628554951250615
Argentina,Other,1.5722912329230507
