Region,Sector,Value
USA,Supply,2.389852707198737
EU-15,Supply,0.8550442617167632
Europe_Non_EU,Supply,8.743605371535585
Japan,Supply,3.0509580614101837
China,Supply,5.681828732384346
India,Supply,7.5980508309591395
South Korea,Supply,6.451982881884937
Canada,Supply,1.7988868982723876
Australia_NZ,Supply,5.183993625286867
Taiwan,Supply,7.612099846542077
Mexico,Supply,7.104117869663154
Russia,Supply,7.37110814150956
Brazil,Supply,3.416064707873278
South Africa,Supply,7.651585342882037
Argentina,Supply,1.473411847248882
USA,Other Energy Supply,3.446434657699749
EU-15,Other Energy Supply,2.108862522088724
Europe_Non_EU,Other Energy Supply,4.388748757950258
Japan,Other Energy Supply,1.3454525327619742
China,Other Energy Supply,4.36447104048587
India,Other Energy Supply,5.307601521060632
South Korea,Other Energy Supply,0.9981430589349385
Canada,Other Energy Supply,3.416397650923544
Australia_NZ,Other Energy Supply,5.209504488213093
Taiwan,Other Energy Supply,5.440419756003657
Mexico,Other Energy Supply,4.450050568769909
Russia,Other Energy Supply,6.444186896838237
Brazil,Other Energy Supply,0.16800299742953448
South Africa,Other Energy Supply,2.2927317288554416
Argentina,Other Energy Supply,1.1010793791087765
USA,Electricity,2.9380559635705934
EU-15,Electricity,1.4149752090382794
Europe_Non_EU,Electricity,8.816251412727727
Japan,Electricity,2.9515923531374377
China,Electricity,9.685562044230974
India,Electricity,8.07796030457919
South Korea,Electricity,8.535180327604735
Canada,Electricity,0.05340608545404447
Australia_NZ,Electricity,8.521842118555075
Taiwan,Electricity,7.800111009288036
Mexico,Electricity,9.986017506400831
Russia,Electricity,10.43939124550845
Brazil,Electricity,3.0856422733990274
South Africa,Electricity,9.810795849424201
Argentina,Electricity,4.473473294967307
USA,Steel,4.057358234883976
EU-15,Steel,5.828356156581506
Europe_Non_EU,Steel,6.319518209550846
Japan,Steel,6.348686515716375
China,Steel,6.85812054779543
India,Steel,7.098185968216071
South Korea,Steel,9.320950925693193
Canada,Steel,10.08319314677301
Australia_NZ,Steel,5.94901666519543
Taiwan,Steel,8.663719343338213
Mexico,Steel,5.0527501543365965
Russia,Steel,8.677483798910384
Brazil,Steel,7.6497010290284475
South Africa,Steel,6.649058522144328
Argentina,Steel,7.516224908694574
USA,Cement,3.5965428477140096
EU-15,Cement,4.992209379619929
Europe_Non_EU,Cement,4.667670750383156
Japan,Cement,4.196294016575781
China,Cement,4.512579354810083
India,Cement,4.229928614369569
South Korea,Cement,5.914521961479805
Canada,Cement,5.393729374099372
Australia_NZ,Cement,4.737532129847259
Taiwan,Cement,4.523122339303262
Mexico,Cement,4.820023175005956
Russia,Cement,4.401661189750479
Brazil,Cement,7.610162843412171
South Africa,Cement,3.969396942291703
Argentina,Cement,7.001096154719466
USA,Chemicals,2.720786563320579
EU-15,Chemicals,2.123873534296491
Europe_Non_EU,Chemicals,4.090072968919036
Japan,Chemicals,1.6178397402937188
China,Chemicals,2.2688219994481273
India,Chemicals,2.379993024387393
South Korea,Chemicals,1.458508291936784
Canada,Chemicals,2.3155607945461134
Australia_NZ,Chemicals,0.9346895358718478
Taiwan,Chemicals,0.1924906959995682
Mexico,Chemicals,3.7439648785190114
Russia,Chemicals,3.332655303426207
Brazil,Chemicals,1.6790117083018403
South Africa,Chemicals,1.3818205277943179
Argentina,Chemicals,1.3889687249048703
USA,Other Industry,4.483251612153801
EU-15,Other Industry,5.066043735791995
Europe_Non_EU,Other Industry,3.622710087378508
Japan,Other Industry,3.108681306770298
China,Other Industry,4.539658433755553
India,Other Industry,3.651762496027393
South Korea,Other Industry,5.097707946276169
Canada,Other Industry,4.512316939587688
Australia_NZ,Other Industry,2.1963831501549445
Taiwan,Other Industry,5.830903928995679
Mexico,Other Industry,4.286355587622286
Russia,Other Industry,2.7730469570231793
Brazil,Other Industry,1.61034604601481
South Africa,Other Industry,2.3541525806854184
Argentina,Other Industry,5.157849182982569
USA,Industry,1.7889469982700494
EU-15,Industry,2.5626331616227986
Europe_Non_EU,Industry,4.1858066529313795
Japan,Industry,2.138727022561307
China,Industry,5.126145782879474
India,Industry,4.252275919823754
South Korea,Industry,4.4485898053727935
Canada,Industry,2.4770626560022597
Australia_NZ,Industry,2.4422670517438583
Taiwan,Industry,3.3700257568914904
Mexico,Industry,4.3969748374439925
Russia,Industry,3.622531119790306
Brazil,Industry,2.4738852693570976
South Africa,Industry,2.231789060829141
Argentina,Industry,2.9392385437631803
USA,Transportation,3.90598855116205
EU-15,Transportation,2.8155063942253955
Europe_Non_EU,Transportation,2.0929440507219055
Japan,Transportation,1.8104958322887676
China,Transportation,2.360454239132146
India,Transportation,4.254827534832003
South Korea,Transportation,2.226723460669915
Canada,Transportation,3.090077101211791
Australia_NZ,Transportation,5.160731620792423
Taiwan,Transportation,3.3427040921637765
Mexico,Transportation,4.014107033894566
Russia,Transportation,3.2633686355004885
Brazil,Transportation,10.649683585130584
South Africa,Transportation,7.630440575018565
Argentina,Transportation,7.3776775834417565
USA,AFOLU,4.822829515096088
EU-15,AFOLU,0.24254776111313806
Europe_Non_EU,AFOLU,0.14901884475060723
Japan,AFOLU,-5.6718495650906675
China,AFOLU,-1.1357475348937873
India,AFOLU,0.6748639251315263
South Korea,AFOLU,-5.737238490300718
Canada,AFOLU,2.6256074321504013
Australia_NZ,AFOLU,5.324193822181691
Taiwan,AFOLU,1.2078229682566823
Mexico,AFOLU,1.6014707476709724
Russia,AFOLU,0.23385171416445527
Brazil,AFOLU,6.158531778711603
South Africa,AFOLU,2.1109583611478895
Argentina,AFOLU,2.1514241039143087
USA,Other,0.3306201670314516
EU-15,Other,2.9879761953994453
Europe_Non_EU,Other,4.3716872023106355
Japan,Other,1.6562351740160777
China,Other,1.4503870380779358
India,Other,1.4590780938150432
South Korea,Other,1.1935601357664185
Canada,Other,4.289369476591065
Australia_NZ,Other,4.799936122518103
Taiwan,Other,1.7646615667901617
Mexico,Other,4.242305023297705
Russia,Other,3.9327522047654275
Brazil,Other,1.8409880769517861
South Africa,Other,1.4978764050496933
Argentina,Other,1.9296281143280707
