Region,Sector,Value
USA,Supply,0.14011727355272793
EU-15,Supply,0.16100211576487503
Europe_Non_EU,Supply,0.19925259225783012
Japan,Supply,0.1434211256024486
China,Supply,0.13382021939172856
India,Supply,0.19027959496815489
South Korea,Supply,0.17343126125544067
Canada,Supply,0.282066792505669
Australia_NZ,Supply,0.19563762024653997
Taiwan,Supply,0.145375425592122
Mexico,Supply,0.10959247644254702
Russia,Supply,0.14510786129700476
Brazil,Supply,0.19374154081626796
South Africa,Supply,0.12260777626954598
Argentina,Supply,0.12888963065123013
USA,Other Energy Supply,0.050088155353052624
EU-15,Other Energy Supply,0.030213025780424667
Europe_Non_EU,Other Energy Supply,0.07281988438253588
Japan,Other Energy Supply,0.1026803709186514
China,Other Energy Supply,0.17452412546579574
India,Other Energy Supply,0.11648336040526427
South Korea,Other Energy Supply,0.04245735969234109
Canada,Other Energy Supply,0.12414249845773222
Australia_NZ,Other Energy Supply,0.06245085081371045
Taiwan,Other Energy Supply,0.055778676915593
Mexico,Other Energy Supply,0.05235981302230414
Russia,Other Energy Supply,0.10750394226169134
Brazil,Other Energy Supply,0.053373223986415017
South Africa,Other Energy Supply,0.05939374765525786
Argentina,Other Energy Supply,0.08588701284047588
USA,Electricity,0.1631590425960611
EU-15,Electricity,0.20300379370732663
Europe_Non_EU,Electricity,0.2205922793930226
Japan,Electricity,0.14474165489332802
China,Electricity,0.12448689053707848
India,Electricity,0.19767000330790974
South Korea,Electricity,0.18928780281456928
Canada,Electricity,0.4672984297802185
Australia_NZ,Electricity,0.22698261980087814
Taiwan,Electricity,0.14910121352403877
Mexico,Electricity,0.15064856130880366
Russia,Electricity,0.21380939883314143
Brazil,Electricity,0.27998957193887414
South Africa,Electricity,0.1412653783747314
Argentina,Electricity,0.1573601437169649
USA,Steel,0.0
EU-15,Steel,0.057696366162004194
Europe_Non_EU,Steel,0.06954323737271803
Japan,Steel,0.048524263817562384
China,Steel,0.08476537157399548
India,Steel,0.142766526495863
South Korea,Steel,0.116195240672956
Canada,Steel,0.12811360980577655
Australia_NZ,Steel,0.034611135294101925
Taiwan,Steel,0.06363412863247278
Mexico,Steel,0.06435727885129484
Russia,Steel,0.06958797684150277
Brazil,Steel,0.1464029401336798
South Africa,Steel,0.05159764739200878
Argentina,Steel,0.10797098877750362
USA,Cement,0.04770726634093806
EU-15,Cement,0.04974512034028198
Europe_Non_EU,Cement,0.06910453584434097
Japan,Cement,0.06060558638356676
China,Cement,0.10916823187416669
India,Cement,0.11062956893638495
South Korea,Cement,0.13641456962082618
Canada,Cement,0.08583309285912673
Australia_NZ,Cement,0.058569674331219734
Taiwan,Cement,0.09544952587071365
Mexico,Cement,0.08120132349988525
Russia,Cement,0.08441333080797685
Brazil,Cement,0.09795493589697618
South Africa,Cement,0.031676765828996416
Argentina,Cement,0.10843854469448223
USA,Chemicals,0.03513958216406404
EU-15,Chemicals,0.04806446124976237
Europe_Non_EU,Chemicals,0.016954831242698344
Japan,Chemicals,0.007281456864381175
China,Chemicals,0.031138675139219238
India,Chemicals,0.03448336361500179
South Korea,Chemicals,0.15337430856749176
Canada,Chemicals,0.08534934153116004
Australia_NZ,Chemicals,0.05593893331339789
Taiwan,Chemicals,0.014432780792855282
Mexico,Chemicals,0.014571011711843293
Russia,Chemicals,0.06218615813536138
Brazil,Chemicals,0.07332095717492809
South Africa,Chemicals,0.009995108522064016
Argentina,Chemicals,0.10715966583687461
USA,Other Industry,0.020496294919738756
EU-15,Other Industry,0.03912699456531847
Europe_Non_EU,Other Industry,0.05001024597245012
Japan,Other Industry,0.02121448993656471
China,Other Industry,0.09856103152535334
India,Other Industry,0.0788191872955893
South Korea,Other Industry,0.07511787876141421
Canada,Other Industry,0.042425186107268774
Australia_NZ,Other Industry,0.02769090448318191
Taiwan,Other Industry,0.026186809204956182
Mexico,Other Industry,0.1378426753000386
Russia,Other Industry,0.03335448411138237
Brazil,Other Industry,0.04450644169450357
South Africa,Other Industry,0.014019436366848253
Argentina,Other Industry,0.03948955851964581
USA,Industry,0.023075047184523734
EU-15,Industry,0.04598587246029732
Europe_Non_EU,Industry,0.056990697871851806
Japan,Industry,0.033991806176092314
China,Industry,0.087487092828576
India,Industry,0.10123350130383421
South Korea,Industry,0.10430397776998504
Canada,Industry,0.05329374602026013
Australia_NZ,Industry,0.03152869258119203
Taiwan,Industry,0.042881911795575656
Mexico,Industry,0.11944942625670923
Russia,Industry,0.05382887421127922
Brazil,Industry,0.08075840124141784
South Africa,Industry,0.01971179881537228
Argentina,Industry,0.05127792979202624
USA,Transportation,0.01988375496325161
EU-15,Transportation,0.017206092357102888
Europe_Non_EU,Transportation,0.023220263392491853
Japan,Transportation,0.0074610304815091585
China,Transportation,0.024452331930023684
India,Transportation,0.05159270204867955
South Korea,Transportation,0.0298254778279524
Canada,Transportation,0.023620794655065315
Australia_NZ,Transportation,0.0153670180568593
Taiwan,Transportation,0.04031170413869902
Mexico,Transportation,0.03547444760781155
Russia,Transportation,0.03195065775470999
Brazil,Transportation,0.03759640089627092
South Africa,Transportation,0.011880439852797544
Argentina,Transportation,0.035284156879760095
USA,AFOLU,0.19647184305379356
EU-15,AFOLU,0.01305599746238479
Europe_Non_EU,AFOLU,0.01607355042247744
Japan,AFOLU,6.896423738169993e-06
China,AFOLU,5.751462193354173e-07
India,AFOLU,0.018670620980677618
South Korea,AFOLU,
Canada,AFOLU,0.40721050667093095
Australia_NZ,AFOLU,0.25861160860166643
Taiwan,AFOLU,
Mexico,AFOLU,0.08023614551672918
Russia,AFOLU,
Brazil,AFOLU,0.15669773288709127
South Africa,AFOLU,0.040247239062983615
Argentina,AFOLU,0.07337568478743701
USA,Other,0.009343195385523374
EU-15,Other,0.09476439649009068
Europe_Non_EU,Other,0.15520294810780483
Japan,Other,0.07558212369659337
China,Other,0.052556607920807526
India,Other,0.05084969028166031
South Korea,Other,0.04310487800256793
Canada,Other,0.1886528760217553
Australia_NZ,Other,0.17321705729325748
Taiwan,Other,0.06509470858404254
Mexico,Other,0.16180203005547455
Russia,Other,0.15052487997405845
Brazil,Other,0.10016668737826438
South Africa,Other,0.03458333721390264
Argentina,Other,0.08367793788852491
