Region,Sector,Value
USA,Supply,0.1629492693765112
EU-15,Supply,0.19189809775844752
Europe_Non_EU,Supply,0.24883325987949598
Japan,Supply,0.16743478605297082
China,Supply,0.1544947381215443
India,Supply,0.23499349727994812
South Korea,Supply,0.20982073616630867
Canada,Supply,0.39288712478555055
Australia_NZ,Supply,0.24322071473269805
Taiwan,Supply,0.17010442795218617
Mexico,Supply,0.1230812561024768
Russia,Supply,0.1697381646509419
Brazil,Supply,0.24029433417051094
South Africa,Supply,0.13974111986586193
Argentina,Supply,0.1479601487369735
USA,Other Energy Supply,0.052729257455102096
EU-15,Other Energy Supply,0.03115428242378847
Europe_Non_EU,Other Energy Supply,0.07853907648654744
Japan,Other Energy Supply,0.11443009138915185
China,Other Energy Supply,0.21142243885754794
India,Other Energy Supply,0.1318405960737701
South Korea,Other Energy Supply,0.04433990906621174
Canada,Other Energy Supply,0.14173817584437925
Australia_NZ,Other Energy Supply,0.06643232578145074
Taiwan,Other Energy Supply,0.0590737045267598
Mexico,Other Energy Supply,0.05525283797522566
Russia,Other Energy Supply,0.12045307850034011
Brazil,Other Energy Supply,0.05638220134640425
South Africa,Other Energy Supply,0.06314410312354697
Argentina,Other Energy Supply,0.09395660243865732
USA,Electricity,0.19497018217703835
EU-15,Electricity,0.2547111056112486
Europe_Non_EU,Electricity,0.2830255251015893
Japan,Electricity,0.16923731850368834
China,Electricity,0.14218735102547536
India,Electricity,0.24636913904003319
South Korea,Electricity,0.23348335386062327
Canada,Electricity,0.8772236762647819
Australia_NZ,Electricity,0.2936319746684216
Taiwan,Electricity,0.17522790711871702
Mexico,Electricity,0.1773689363980413
Russia,Electricity,0.27195618787073644
Brazil,Electricity,0.38886268424675274
South Africa,Electricity,0.16450411432971926
Argentina,Electricity,0.18674661843209683
USA,Steel,0.0
EU-15,Steel,0.061229060453696124
Europe_Non_EU,Steel,0.07474096612114725
Japan,Steel,0.05099894473872572
China,Steel,0.09261600134139664
India,Steel,0.1665432692122338
South Korea,Steel,0.13147161683246716
Canada,Steel,0.14693838073634471
Australia_NZ,Steel,0.03585200958977802
Taiwan,Steel,0.06795861594061145
Mexico,Steel,0.06878402706901031
Russia,Steel,0.07479264574126031
Brazil,Steel,0.1715122252292958
South Africa,Steel,0.05440479940556642
Argentina,Steel,0.11286132577281383
USA,Cement,0.05009723920111155
EU-15,Cement,0.05234923956201676
Europe_Non_EU,Cement,0.07423444993922097
Japan,Cement,0.06451559053359573
China,Cement,0.12254640638135199
India,Cement,0.12439081324673794
South Korea,Cement,0.15796302811747387
Canada,Cement,0.0938919909985539
Australia_NZ,Cement,0.06221348883512951
Taiwan,Cement,0.10552149714413522
Mexico,Cement,0.08837769901061879
Russia,Cement,0.09219585314544762
Brazil,Cement,0.10859145701268709
South Africa,Cement,0.03271300235019879
Argentina,Cement,0.12162756737394885
USA,Chemicals,0.03641934197130315
EU-15,Chemicals,0.05049129830037074
Europe_Non_EU,Chemicals,0.01721579825387823
Japan,Chemicals,0.0073348604465912435
China,Chemicals,0.032139455193645666
India,Chemicals,0.03571493469456036
South Korea,Chemicals,0.1811594792339566
Canada,Chemicals,0.09331359545953653
Australia_NZ,Chemicals,0.0592535115442567
Taiwan,Chemicals,0.01464413629868292
Mexico,Chemicals,0.014784254358608596
Russia,Chemicals,0.06630970386587358
Brazil,Chemicals,0.07912173923764672
South Africa,Chemicals,0.010096012929444858
Argentina,Chemicals,0.12002108522272038
USA,Other Industry,0.020925181324004963
EU-15,Other Industry,0.04072025579240633
Europe_Non_EU,Other Industry,0.05264293077220119
Japan,Other Industry,0.02167429599632984
China,Other Industry,0.10933744220241187
India,Other Industry,0.08556320996764062
South Korea,Other Industry,0.08121885166814531
Canada,Other Industry,0.044304826622164374
Australia_NZ,Other Industry,0.02847952838337193
Taiwan,Other Industry,0.026890996127514367
Mexico,Other Industry,0.15988111600983976
Russia,Other Industry,0.034505391692298965
Brazil,Other Industry,0.046579475243734514
South Africa,Other Industry,0.014218775040974468
Argentina,Other Industry,0.041113095440806983
USA,Industry,0.02362007832164995
EU-15,Industry,0.04820250678979966
Europe_Non_EU,Industry,0.06043492094975639
Japan,Industry,0.0351878985774359
China,Industry,0.09587490997772896
India,Industry,0.1126360252784716
South Korea,Industry,0.11645019647435675
Canada,Industry,0.056293856511695384
Australia_NZ,Industry,0.03255511272215491
Taiwan,Industry,0.04480315383771148
Mexico,Industry,0.1356531111300077
Russia,Industry,0.05689126453642602
Brazil,Industry,0.0878530398808252
South Africa,Industry,0.02010816486067112
Argentina,Industry,0.054049468860571645
USA,Transportation,0.020287138865519028
EU-15,Transportation,0.01750732488702091
Europe_Non_EU,Transportation,0.023772261567524995
Japan,Transportation,0.007517113540736802
China,Transportation,0.025065235385575965
India,Transportation,0.054399302786386855
South Korea,Transportation,0.030742381408042526
Canada,Transportation,0.024192232593327014
Australia_NZ,Transportation,0.015606848783932665
Taiwan,Transportation,0.0420049971470396
Mexico,Transportation,0.03677916823654231
Russia,Transportation,0.03300519519657604
Brazil,Transportation,0.039065044091165506
South Africa,Transportation,0.01202328155426891
Argentina,Transportation,0.03657465661576713
USA,AFOLU,0.24451146030834953
EU-15,AFOLU,0.013157214090485878
Europe_Non_EU,AFOLU,0.016101620695177905
Japan,AFOLU,2.902556663312857e-06
China,AFOLU,5.046823487719016e-07
India,AFOLU,0.0189414302517353
South Korea,AFOLU,
Canada,AFOLU,0.6869394806309099
Australia_NZ,AFOLU,0.34882068778268666
Taiwan,AFOLU,
Mexico,AFOLU,0.0872355932728041
Russia,AFOLU,
Brazil,AFOLU,0.1858130391890858
South Africa,AFOLU,0.04193500732802251
Argentina,AFOLU,0.07918601269448125
USA,Other,0.009431313994920134
EU-15,Other,0.10468478228531936
Europe_Non_EU,Other,0.1837162520396796
Japan,Other,0.08176183350480982
China,Other,0.055472029632789466
India,Other,0.053573906852277114
South Korea,Other,0.04504660647928729
Canada,Other,0.23251807916534384
Australia_NZ,Other,0.20950688420103028
Taiwan,Other,0.06962706188714964
Mexico,Other,0.1930355785354421
Russia,Other,0.17719751458931682
Brazil,Other,0.11131674529183933
South Africa,Other,0.035822188022007546
Argentina,Other,0.091319353040247
