Region,Sector,Value
USA,Supply,0.687716421481655
EU-15,Supply,0.8550442617167632
Europe_Non_EU,Supply,0.8289333944448753
Japan,Supply,0.5615651861376558
China,Supply,0.46371204807965644
India,Supply,0.6966747708223734
South Korea,Supply,0.692973201510247
Canada,Supply,1.7988868982723876
Australia_NZ,Supply,1.172333642103562
Taiwan,Supply,0.5918846620286928
Mexico,Supply,0.38933589017463877
Russia,Supply,0.5869236295903749
Brazil,Supply,0.6564578414033316
South Africa,Supply,0.5218674513200177
Argentina,Supply,0.4499118758536143
USA,Other Energy Supply,0.18374121389937076
EU-15,Other Energy Supply,0.0988045169847442
Europe_Non_EU,Other Energy Supply,0.23976173311795465
Japan,Other Energy Supply,0.32762840774760593
China,Other Energy Supply,0.534363982491267
India,Other Energy Supply,0.3220011699808542
South Korea,Other Energy Supply,0.1302705621937688
Canada,Other Energy Supply,0.47396041214971596
Australia_NZ,Other Energy Supply,0.21898516988445307
Taiwan,Other Energy Supply,0.17889931640349127
Mexico,Other Energy Supply,0.17294543988209357
Russia,Other Energy Supply,0.3897606809495114
Brazil,Other Energy Supply,0.16800299742953448
South Africa,Other Energy Supply,0.22593153538521
Argentina,Other Energy Supply,0.283642170291721
USA,Electricity,0.8895771314183538
EU-15,Electricity,1.4149752090382794
Europe_Non_EU,Electricity,0.9682854013528429
Japan,Electricity,0.5725818947814162
China,Electricity,0.44521058614189135
India,Electricity,0.749099955817507
South Korea,Electricity,0.7893619146608468
Canada,Electricity,0.05340608545404447
Australia_NZ,Electricity,1.7042004893219884
Taiwan,Electricity,0.6150487907211777
Mexico,Electricity,0.5683811690545236
Russia,Electricity,1.1445984073070554
Brazil,Electricity,1.0161096199588924
South Africa,Electricity,0.6264244743472748
Argentina,Electricity,0.5734032425553628
USA,Steel,-0.04691460635461453
EU-15,Steel,0.2534872861673354
Europe_Non_EU,Steel,0.25944375283203747
Japan,Steel,0.21833986319152685
China,Steel,0.314235757597022
India,Steel,0.5506534239324657
South Korea,Steel,0.4736237131578072
Canada,Steel,0.6306568140183458
Australia_NZ,Steel,0.15936437352853705
Taiwan,Steel,0.2983741936456362
Mexico,Steel,0.21351532885091914
Russia,Steel,0.3445011450362899
Brazil,Steel,0.5414048175623523
South Africa,Steel,0.2336383303434277
Argentina,Steel,0.34115432157585324
USA,Cement,0.159542246928481
EU-15,Cement,0.16667559363189144
Europe_Non_EU,Cement,0.23586032168709167
Japan,Cement,0.19247284415998825
China,Cement,0.3812261360738244
India,Cement,0.31473697677592544
South Korea,Cement,0.4693166957378529
Canada,Cement,0.283418322234109
Australia_NZ,Cement,0.20010972740444186
Taiwan,Cement,0.35766184723722255
Mexico,Cement,0.2629922607386886
Russia,Cement,0.2900471598590491
Brazil,Cement,0.31386605519010813
South Africa,Cement,0.0989647719617835
Argentina,Cement,0.35034544630538555
USA,Chemicals,0.1145212197396078
EU-15,Chemicals,0.16311022382645804
Europe_Non_EU,Chemicals,0.045303317928377225
Japan,Chemicals,0.02329639505924421
China,Chemicals,0.09247455208983059
India,Chemicals,0.09918229681665043
South Korea,Chemicals,0.5050938788694821
Canada,Chemicals,0.2821707326062408
Australia_NZ,Chemicals,0.1841271636743265
Taiwan,Chemicals,0.04593431665517335
Mexico,Chemicals,0.04223402828567721
Russia,Chemicals,0.20158338619407518
Brazil,Chemicals,0.23087928319597179
South Africa,Chemicals,0.029734562421977587
Argentina,Chemicals,0.3453438943714308
USA,Other Industry,0.06515362035077384
EU-15,Other Industry,0.12966526640243553
Europe_Non_EU,Other Industry,0.1464553272420328
Japan,Other Industry,0.06622144911076976
China,Other Industry,0.29146203441641544
India,Other Industry,0.19616463827149386
South Korea,Other Industry,0.23996321806536558
Canada,Other Industry,0.13608670364480896
Australia_NZ,Other Industry,0.08790589611233003
Taiwan,Other Industry,0.08463745536892575
Mexico,Other Industry,0.524839240258739
Russia,Other Industry,0.10853378380867199
Brazil,Other Industry,0.1384153542699723
South Africa,Other Industry,0.04428570422733376
Argentina,Other Industry,0.11821534080356674
USA,Industry,0.0761921599744284
EU-15,Industry,0.1604824043557822
Europe_Non_EU,Industry,0.18301727036045154
Japan,Industry,0.12206550132818214
China,Industry,0.2847043616191749
India,Industry,0.29422438925308186
South Korea,Industry,0.3692142809161151
Canada,Industry,0.17506848144688544
Australia_NZ,Industry,0.1031335577869287
Taiwan,Industry,0.15097561688096534
Mexico,Industry,0.43363499674062467
Russia,Industry,0.19537920598243785
Brazil,Industry,0.26284854860012397
South Africa,Industry,0.06423926921944492
Argentina,Industry,0.15762909566811048
USA,Transportation,0.06947959796728659
EU-15,Transportation,0.05695319758125967
Europe_Non_EU,Transportation,0.07232350032704679
Japan,Transportation,0.024688874195615
China,Transportation,0.07075041511395251
India,Transportation,0.14586660395174889
South Korea,Transportation,0.09444114852839514
Canada,Transportation,0.07847098238024118
Australia_NZ,Transportation,0.04860998256825963
Taiwan,Transportation,0.1333030169993758
Mexico,Transportation,0.11583951273683354
Russia,Transportation,0.1061413132516829
Brazil,Transportation,0.12433244729705312
South Africa,Transportation,0.03752620410310841
Argentina,Transportation,0.11223756230149505
USA,AFOLU,0.6902695285965847
EU-15,AFOLU,0.025260987228591773
Europe_Non_EU,AFOLU,-0.0015058499614455031
Japan,AFOLU,-1.6371226970282475
China,AFOLU,-0.31777286111164577
India,AFOLU,0.04212669029394073
South Korea,AFOLU,
Canada,AFOLU,2.6256074321504013
Australia_NZ,AFOLU,1.0266380141938418
Taiwan,AFOLU,-5.02728730040474e-05
Mexico,AFOLU,0.2644065041184368
Russia,AFOLU,
Brazil,AFOLU,0.596114348977452
South Africa,AFOLU,0.12651329825405605
Argentina,AFOLU,0.23592012307216687
USA,Other,0.028643530856925278
EU-15,Other,0.3792764104274322
Europe_Non_EU,Other,0.6700882248138027
Japan,Other,0.25730604071970187
China,Other,0.16669190276581852
India,Other,0.15850338858135554
South Korea,Other,0.13829923276539177
Canada,Other,0.7978931599778719
Australia_NZ,Other,0.8421415526193644
Taiwan,Other,0.2289752182658608
Mexico,Other,0.7104056643978964
Russia,Other,0.6980758431143903
Brazil,Other,0.34384369055320324
South Africa,Other,0.11316245555464018
Argentina,Other,0.2795324194823942
