Region,Sector,Eq9_Ctilde
USA,Supply,0.5245819523176971
EU-15,Supply,0.567441230124155
Europe_Non_EU,Supply,0.9301113020288952
Japan,Supply,0.4667546587135232
China,Supply,0.4383185669151788
India,Supply,0.7903093642665143
South Korea,Supply,1.070610882859325
Canada,Supply,2.09493487621817
Australia_NZ,Supply,0.8819467308991618
Taiwan,Supply,0.7295240640917041
Mexico,Supply,0.535288590510477
Russia,Supply,0.6399182355449539
Brazil,Supply,1.101889409301206
South Africa,Supply,0.174128936783793
Argentina,Supply,0.5687042992374417
USA,Other Energy Supply,0.19020262637514293
EU-15,Other Energy Supply,0.08399216270342919
Europe_Non_EU,Other Energy Supply,0.33070236173085094
Japan,Other Energy Supply,0.2466543310574138
China,Other Energy Supply,0.5795521463045273
India,Other Energy Supply,0.5088619832865291
South Korea,Other Energy Supply,0.26809926125473726
Canada,Other Energy Supply,0.8369301362570604
Australia_NZ,Other Energy Supply,0.3215374008436197
Taiwan,Other Energy Supply,0.22084978909713412
Mexico,Other Energy Supply,0.23917400868877042
Russia,Other Energy Supply,0.4786777285307229
Brazil,Other Energy Supply,0.2966239140681236
South Africa,Other Energy Supply,0.09065198576297812
Argentina,Other Energy Supply,0.36318240328723655
USA,Electricity,0.6096319493657094
EU-15,Electricity,0.7214588123064161
Europe_Non_EU,Electricity,1.0313279987499293
Japan,Electricity,0.47382723261234905
China,Electricity,0.4063983168117509
India,Electricity,0.8181435826377127
South Korea,Electricity,1.1676015979614964
Canada,Electricity,3.5772372162160244
Australia_NZ,Electricity,1.0103368181999295
Taiwan,Electricity,0.750647354288249
Mexico,Electricity,0.7485764101520964
Russia,Electricity,0.9326441093280293
Brazil,Electricity,1.604775411781238
South Africa,Electricity,0.19881285254511888
Argentina,Electricity,0.705091988461451
USA,Industry,0.08836250082691703
EU-15,Industry,0.13399163869302538
Europe_Non_EU,Industry,0.24864047031830266
Japan,Industry,0.111102883419143
China,Industry,0.28082833166901233
India,Industry,0.43674152209859085
South Korea,Industry,0.630168573316059
Canada,Industry,0.36068093991653033
Australia_NZ,Industry,0.15672003711790655
Taiwan,Industry,0.17495441575329643
Mexico,Industry,0.5418708715315108
Russia,Industry,0.2347530199947308
Brazil,Industry,0.4422147642415029
South Africa,Industry,0.02836453955369414
Argentina,Industry,0.23452896136141987
USA,Other Industry,0.07855961872997684
EU-15,Other Industry,0.1159765625863762
Europe_Non_EU,Other Industry,0.2226895588557876
Japan,Other Industry,0.07106107210077016
China,Other Industry,0.31687124621762236
India,Other Industry,0.34495167731263493
South Korea,Other Industry,0.4519810442312086
Canada,Other Industry,0.2957979831974703
Australia_NZ,Other Industry,0.13534903248666005
Taiwan,Other Industry,0.09936353471782668
Mexico,Other Industry,0.6270841312348749
Russia,Other Industry,0.14887773773592206
Brazil,Other Industry,0.24038605860645165
South Africa,Other Industry,0.020645323278692274
Argentina,Other Industry,0.1697312197308147
USA,Chemicals,0.11577938131145707
EU-15,Chemicals,0.1374981223926951
Europe_Non_EU,Chemicals,0.08856802025904643
Japan,Chemicals,0.025163833684779056
China,Chemicals,0.10391620309327462
India,Chemicals,0.15843974430576194
South Korea,Chemicals,0.9287840786770784
Canada,Chemicals,0.5678083898069781
Australia_NZ,Chemicals,0.28846301073078756
Taiwan,Chemicals,0.05895814052226504
Mexico,Chemicals,0.07617988140181907
Russia,Chemicals,0.2770246110050636
Brazil,Chemicals,0.41833667738595576
South Africa,Chemicals,0.015538228727445265
Argentina,Chemicals,0.4840453821279254
USA,Cement,0.1851273687764338
EU-15,Cement,0.14584910122588354
Europe_Non_EU,Cement,0.2926402908333668
Japan,Cement,0.20258013753496174
China,Cement,0.3483380718986546
India,Cement,0.4756026533058549
South Korea,Cement,0.8148493268118892
Canada,Cement,0.5688369341413848
Australia_NZ,Cement,0.2889492322615374
Taiwan,Cement,0.39015299313889185
Mexico,Cement,0.35047867047886455
Russia,Cement,0.3654413172443498
Brazil,Cement,0.538299475692447
South Africa,Cement,0.0451741620215213
Argentina,Cement,0.4496449717195222
USA,Transportation,0.08051612046873452
EU-15,Transportation,0.05259622734495957
Europe_Non_EU,Transportation,0.10679757128044215
Japan,Transportation,0.025047177311865405
China,Transportation,0.08025986696709114
India,Transportation,0.22646195089342366
South Korea,Transportation,0.18428928425053373
Canada,Transportation,0.16608829263833505
Australia_NZ,Transportation,0.07723239791781014
Taiwan,Transportation,0.18499754924456863
Mexico,Transportation,0.16439758654928466
Russia,Transportation,0.1457304229566534
Brazil,Transportation,0.21024487589095384
South Africa,Transportation,0.018033781236901993
Argentina,Transportation,0.15456985604960635
USA,AFOLU,0.5872182392162222
EU-15,AFOLU,0.013947668471260123
Europe_Non_EU,AFOLU,0.08502657181014674
Japan,AFOLU,0.0
China,AFOLU,0.0
India,AFOLU,0.08587949423315056
South Korea,AFOLU,
Canada,AFOLU,2.3131966041909338
Australia_NZ,AFOLU,0.9704045215010547
Taiwan,AFOLU,
Mexico,AFOLU,0.35952721182898795
Russia,AFOLU,
Brazil,AFOLU,0.7207230804183895
South Africa,AFOLU,0.047362902888476
Argentina,AFOLU,0.3142253375860099
USA,Other,0.02790820192769406
EU-15,Other,0.21855432918113515
Europe_Non_EU,Other,0.5623170180448973
Japan,Other,0.16236713869405445
China,Other,0.25354442945439293
India,Other,0.4450626206929503
South Korea,Other,0.6443050698753843
Canada,Other,1.1918584318577532
Australia_NZ,Other,0.693518997099097
Taiwan,Other,0.27892763354715744
Mexico,Other,0.6471446642631667
Russia,Other,0.41981155117497465
Brazil,Other,0.6317338612664611
South Africa,Other,0.06162275168800394
Argentina,Other,0.4166571767246084
