Region,Sector,Value
USA,Power Supply,2.313485890223312
EU-15,Power Supply,1.5653686815996566
EU-27,Power Supply,2.106950907594316
Europe_Non_EU,Power Supply,2.7602428949929
Japan,Power Supply,0.77281955525913
China,Power Supply,2.5629379242841095
India,Power Supply,3.6856171554981443
South Korea,Power Supply,1.8917551413519291
Canada,Power Supply,0.45676929633972496
Australia_NZ,Power Supply,2.2015551020096558
Mexico,Power Supply,2.522067604062237
Russia,Power Supply,2.2584076013122947
Brazil,Power Supply,3.9297922196885864
South Africa,Power Supply,3.8428702700453794
Argentina,Power Supply,4.341895902004475
Indonesia,Power Supply,2.7069323007751382
Other,Power Supply,2.214324020649921
USA,Ferrous metals,1.806869711098448
EU-15,Ferrous metals,2.529095582583002
EU-27,Ferrous metals,3.0965843643586526
Europe_Non_EU,Ferrous metals,6.566420510967913
Japan,Ferrous metals,1.975895718346965
China,Ferrous metals,2.553408004236352
India,Ferrous metals,3.8171393463583234
South Korea,Ferrous metals,3.9075929517482204
Canada,Ferrous metals,0.6457204442608786
Australia_NZ,Ferrous metals,2.1344428413366456
Mexico,Ferrous metals,2.6227288919553717
Russia,Ferrous metals,2.187886787631915
Brazil,Ferrous metals,2.019609405065734
South Africa,Ferrous metals,1.9738563319052116
Argentina,Ferrous metals,2.462069547435175
Indonesia,Ferrous metals,2.4759798706667624
Other,Ferrous metals,3.547905594703691
USA,Non-metallic minerals,1.1400707570440805
EU-15,Non-metallic minerals,0.7759140564114593
EU-27,Non-metallic minerals,1.110786817020209
Europe_Non_EU,Non-metallic minerals,1.6308946591007365
Japan,Non-metallic minerals,0.6304669885927491
China,Non-metallic minerals,1.9835163392505786
India,Non-metallic minerals,2.874825606463069
South Korea,Non-metallic minerals,1.502140318226505
Canada,Non-metallic minerals,0.2443566309127705
Australia_NZ,Non-metallic minerals,1.1340069399723691
Mexico,Non-metallic minerals,1.5205911452530256
Russia,Non-metallic minerals,1.8424635431681091
Brazil,Non-metallic minerals,1.1781589097643321
South Africa,Non-metallic minerals,0.772174082912181
Argentina,Non-metallic minerals,1.7681869870655056
Indonesia,Non-metallic minerals,1.7544271075616305
Other,Non-metallic minerals,1.5096409923026106
USA,Construction,3.417479932306641
EU-15,Construction,1.204338261672319
EU-27,Construction,1.7320086289362298
Europe_Non_EU,Construction,1.5075824982568387
Japan,Construction,3.7415258838945684
China,Construction,4.598159789023426
India,Construction,13.61084440139407
South Korea,Construction,3.1246803630888778
Canada,Construction,0.678850064463367
Australia_NZ,Construction,2.017815687283171
Mexico,Construction,4.486612799219869
Russia,Construction,0.5833509522198801
Brazil,Construction,10.20696425868168
South Africa,Construction,3.8931292974179676
Argentina,Construction,4.307921859809582
Indonesia,Construction,17.93771621214309
Other,Construction,6.3869382933643095
USA,Land transport,2.313485890223312
EU-15,Land transport,1.5653686815996566
EU-27,Land transport,2.106950907594316
Europe_Non_EU,Land transport,2.7602428949929
Japan,Land transport,0.77281955525913
China,Land transport,2.5629379242841095
India,Land transport,3.6856171554981443
South Korea,Land transport,1.8917551413519291
Canada,Land transport,0.45676929633972496
Australia_NZ,Land transport,2.2015551020096558
Mexico,Land transport,2.522067604062237
Russia,Land transport,2.2584076013122947
Brazil,Land transport,3.9297922196885864
South Africa,Land transport,3.8428702700453794
Argentina,Land transport,4.341895902004475
Indonesia,Land transport,2.7069323007751382
Other,Land transport,2.214324020649921
USA,Water transport,1.266745285604534
EU-15,Water transport,0.8621267293460659
EU-27,Water transport,1.2342075744668992
Europe_Non_EU,Water transport,1.8121051767785972
Japan,Water transport,0.7005188762141655
China,Water transport,2.2039070436117534
India,Water transport,3.194250673847855
South Korea,Water transport,1.66904479802945
Canada,Water transport,0.2715073676808565
Australia_NZ,Water transport,1.26000771108041
Mexico,Water transport,1.6895457169478054
Russia,Water transport,2.0471817146312326
Brazil,Water transport,1.3090654552937027
South Africa,Water transport,0.8579712032357565
Argentina,Water transport,1.9646522078505615
Indonesia,Water transport,1.9493634528462556
Other,Water transport,1.677378880336234
USA,Warehousing,2.313485890223312
EU-15,Warehousing,1.5653686815996566
EU-27,Warehousing,2.106950907594316
Europe_Non_EU,Warehousing,2.7602428949929
Japan,Warehousing,0.77281955525913
China,Warehousing,2.5629379242841095
India,Warehousing,3.6856171554981443
South Korea,Warehousing,1.8917551413519291
Canada,Warehousing,0.45676929633972496
Australia_NZ,Warehousing,2.2015551020096558
Mexico,Warehousing,2.522067604062237
Russia,Warehousing,2.2584076013122947
Brazil,Warehousing,3.9297922196885864
South Africa,Warehousing,3.8428702700453794
Argentina,Warehousing,4.341895902004475
Indonesia,Warehousing,2.7069323007751382
Other,Warehousing,2.214324020649921
USA,Agriculture,5.592273553850017
EU-15,Agriculture,9.73727878662701
EU-27,Agriculture,11.253182301052227
Europe_Non_EU,Agriculture,25.92919281052681
Japan,Agriculture,8.63586444721697
China,Agriculture,5.3370294317935665
India,Agriculture,11.774958303039707
South Korea,Agriculture,13.706526279397316
Canada,Agriculture,2.4435066115181305
Australia_NZ,Agriculture,6.505399730700825
Mexico,Agriculture,8.19106912385674
Russia,Agriculture,2.1296852889365288
Brazil,Agriculture,10.686616157155164
South Africa,Agriculture,9.522047903749192
Argentina,Agriculture,6.8714266711839445
Indonesia,Agriculture,12.974345566759867
Other,Agriculture,13.666688357352239
USA,Market Services,1.289048240410658
EU-15,Market Services,0.7568677929567313
EU-27,Market Services,0.9630335793739351
Europe_Non_EU,Market Services,1.0088228848096275
Japan,Market Services,0.43958470292514956
China,Market Services,0.7847389259108246
India,Market Services,1.805771106032918
South Korea,Market Services,0.5140208970157311
Canada,Market Services,0.2355470518826125
Australia_NZ,Market Services,1.0538819575192846
Mexico,Market Services,1.202093587760547
Russia,Market Services,0.24949452266834898
Brazil,Market Services,3.392454147645538
South Africa,Market Services,3.0906465852045057
Argentina,Market Services,2.5821977291902494
Indonesia,Market Services,2.479371428589947
Other,Market Services,1.1246291813203175
USA,Non Market Services,1.046740604618778
EU-15,Non Market Services,0.7032419522535908
EU-27,Non Market Services,0.8727433331274169
Europe_Non_EU,Non Market Services,0.948137718214303
Japan,Non Market Services,0.0723006790449645
China,Non Market Services,0.359030880672356
India,Non Market Services,0.491366481650289
South Korea,Non Market Services,0.222710343322479
Canada,Non Market Services,0.18526192865886848
Australia_NZ,Non Market Services,0.941547390929246
Mexico,Non Market Services,0.8325218871144315
Russia,Non Market Services,0.211225886681062
Brazil,Non Market Services,2.6207267643948837
South Africa,Non Market Services,2.984899066809623
Argentina,Non Market Services,2.377243694153913
Indonesia,Non Market Services,0.7575688479288825
Other,Non Market Services,0.5369451403136868
